,날짜,지점_x,강수량(mm),지점_y,평균기온(℃),최저기온(℃),최고기온(℃),연번,경기(행사) 일시,구 분,경기(행사) 종류,경기(행사) 내용,주 최, 관람인원(명) ,수입금(원),사용일수(일)
0,2015-02-17,108,0.5,108.0,1.9,0.5,4.1,1,2015-02-17,기타축구,ACL,ACL(vs하노이T&T FC),GS스포츠,6718.0,23835150.0,3
1,2015-03-04,108,,108.0,-2.1,-4.6,1.4,2,2015-03-04,기타축구,ACL,ACL(vs가시마앤틀러스),GS스포츠,5790.0,27579990.0,2
2,2015-03-14,108,,108.0,4.3,-1.2,11.6,3,2015-03-14,K리그,K리그 클래식,K리그 클래식(vs전북),GS스포츠,32516.0,53033020.0,1
3,2015-03-18,108,1.5,108.0,10.7,8.4,14.4,4,2015-03-18,기타축구,ACL,ACL(vs웨스턴시드니),GS스포츠,5645.0,26955470.0,2
4,2015-03-31,108,2.5,108.0,12.9,10.0,14.9,5,2015-03-31,국가대표,국가대표팀 친선경기,친선경기(vs뉴질랜드),대한축구협회,28574.0,152907970.0,3
5,2015-04-04,108,0.0,108.0,13.5,8.9,18.5,6,2015-04-04,K리그,K리그 클래식,K리그 클래식-4R(vs제주),GS스포츠,22155.0,44383420.0,1
6,2015-04-11,108,,108.0,13.5,6.7,20.7,44,2015-04-11,기타축구,시민개방 축구경기,시민개방 축구경기,유종인(이대영클럽),50.0,897000.0,1
7,2015-04-15,108,1.0,108.0,11.1,5.6,17.0,7,2015-04-15,K리그,K리그 클래식,K리그 클래식-6R(vs대전),GS스포츠,7186.0,32039255.0,1
8,2015-04-18,108,0.0,108.0,15.2,5.2,23.7,45,2015-04-18,기타축구,시민개방 축구경기,시민개방 축구경기,곰두리장애인축구단,350.0,0.0,1
9,2015-04-21,108,,108.0,14.0,7.7,20.9,8,2015-04-21,기타축구,ACL,ACL(vs광저우에버그란데),GS스포츠,17157.0,43892170.0,2
10,2015-04-25,108,,108.0,15.9,9.2,23.0,9,2015-04-25,일반행사,콘서트,토요일을 즐겨라,(주)월드쇼마켓,15246.0,103347060.0,6
11,2015-04-29,108,3.5,108.0,17.0,15.8,18.4,10,2015-04-29,기타축구,FA컵,FA컵(vs경주 한수원),GS스포츠,1570.0,7593370.0,1
12,2015-05-02,108,0.5,108.0,20.7,15.8,26.0,11,2015-05-02,K리그,K리그 클래식,K리그 클래식-9R(vs성남),GS스포츠,18441.0,41630820.0,1
13,2015-05-05,108,,108.0,14.2,8.3,19.9,46,2015-05-05,기타축구,시민개방 축구경기,시민개방 축구경기,조상호(서울시의원),60.0,897000.0,1
14,2015-05-09,108,,108.0,17.6,12.6,24.0,12,2015-05-09,일반행사,콘서트,청춘페스티벌,(주)마이크임팩트,17782.0,87806150.0,6
15,2015-05-16,108,,108.0,18.0,11.6,25.2,13,2015-05-16,K리그,K리그 클래식,K리그 클래식-11R(vs전남),GS스포츠,17819.0,41393340.0,1
16,2015-05-20,108,,108.0,16.3,10.6,21.9,14,2015-05-20,기타축구,ACL,ACL(vs감바 오사카),GS스포츠,10607.0,28167540.0,2
17,2015-05-23,108,,108.0,20.6,13.6,28.3,15,2015-05-23,일반행사,콘서트,2015 드림콘서트,한국연예제작자협회,43780.0,102612200.0,5
18,2015-05-31,108,,108.0,22.1,15.3,30.4,16,2015-05-31,K리그,K리그 클래식,K리그 클래식(vs울산),GS스포츠,18413.0,42976350.0,1
19,2015-06-03,108,,108.0,23.3,17.1,29.4,17,2015-06-03,K리그,K리그 클래식,K리그 클래식(vs인천),GS스포츠,5023.0,32334930.0,1
20,2015-06-06,108,,108.0,22.4,16.4,28.9,47,2015-06-06,기타축구,시민개방 축구경기,시민개방 축구경기,손원균(패밀리FC),40.0,897000.0,1
21,2015-06-13,108,0.5,108.0,24.7,20.1,30.9,18,2015-06-13,기타축구,한일국회의원 친선경기,한일국회의원 친선경기,국회사무처,150.0,3196090.0,1
22,2015-06-17,108,9.5,108.0,23.4,20.2,30.8,19,2015-06-17,K리그,K리그 클래식,K리그 클래식(vs부산),GS스포츠,4267.0,31555280.0,1
23,2015-06-21,108,,108.0,22.4,15.6,29.6,20,2015-06-21,기타축구,서울컵2015 전기결승,서울컵2015 전기결승,"서울시설공단,GS스포츠",350.0,0.0,1
24,2015-06-27,108,,108.0,25.2,19.2,31.1,21,2015-06-27,K리그,K리그 클래식,K리그 클래식(vs수원),GS스포츠,39328.0,90737710.0,1
25,2015-07-05,108,,108.0,24.2,20.1,29.6,22,2015-07-05,K리그,K리그 클래식,K리그 클래식(vs광주),GS스포츠,11587.0,37479390.0,1
26,2015-07-11,108,0.0,108.0,30.4,25.7,36.0,23,2015-07-11,K리그,K리그 클래식,K리그 클래식(vs포항),GS스포츠,17913.0,45552070.0,1
27,2015-07-19,108,5.0,108.0,25.1,21.3,29.8,48,2015-07-19,기타축구,시민개방 축구경기,시민개방 축구경기,김나라,50.0,897000.0,1
28,2015-07-22,108,1.0,108.0,27.7,25.3,31.7,24,2015-07-22,기타축구,FA컵,FA컵(vs포항),GS스포츠,6267.0,19542550.0,1
29,2015-07-25,108,80.0,108.0,25.0,24.4,26.4,25,2015-07-25,K리그,K리그 클래식,K리그 클래식(vs인천),GS스포츠,10454.0,36730020.0,1
30,2015-08-15,108,0.1,108.0,27.1,23.1,30.8,26,2015-08-15,일반행사,콘서트,815 국민대합창,KBS,55841.0,120200130.0,12
31,2015-08-22,108,0.0,108.0,25.5,23.4,29.6,27,2015-08-22,K리그,K리그 클래식,K리그 클래식(vs대전),GS스포츠,17986.0,43833680.0,1
32,2015-09-06,108,,108.0,22.2,19.3,26.2,49,2015-09-06,기타축구,시민개방 축구경기,시민개방 축구경기,FC희석,50.0,897000.0,1
33,2015-09-09,108,,108.0,22.4,15.3,30.1,28,2015-09-09,K리그,K리그 클래식,K리그 클래식(vs포항),GS스포츠,9566.0,38273140.0,1
34,2015-09-12,108,,108.0,19.2,15.5,24.0,29,2015-09-12,기타축구,서울시민리그(S-리그),서울시민리그(S-리그),서울시(체육진흥과),240.0,649060.0,1
35,2015-09-19,108,,108.0,22.3,17.0,29.0,30,2015-09-19,일반행사,콘서트,토토즐 앵콜공연,(주)월드쇼마켓,7577.0,51041096.0,5
36,2015-09-23,108,,108.0,22.0,19.0,26.1,31,2015-09-23,K리그,K리그 클래식,K리그 클래식(vs성남),GS스포츠,8792.0,35108830.0,1
37,2015-09-28,108,0.0,108.0,21.4,15.5,28.3,32,2015-09-28,K리그,K리그 클래식,K리그 클래식(vs광주),GS스포츠,17061.0,41638164.0,1
38,2015-10-03,108,,108.0,19.2,13.3,24.5,33,2015-10-03,일반행사,어반애슬런 2015,어반애슬런 2015,(주)블렌트,2330.0,35030090.0,2
39,2015-10-03,108,,108.0,19.2,13.3,24.5,34,2015-10-03,일반행사,그라운드 예식,그라운드 예식,박혜령,200.0,3620690.0,1
40,2015-10-04,108,,108.0,16.6,11.2,22.4,35,2015-10-04,K리그,K리그 클래식,K리그 클래식(vs전남),GS스포츠,20192.0,45085064.0,1
41,2015-10-09,108,,108.0,16.2,12.8,20.5,36,2015-10-09,일반행사,ONE-K 콘서트,ONE-K 콘서트,새시대통일의노래캠페인조직위원회,42852.0,94610650.0,7
42,2015-10-13,108,,108.0,15.0,7.8,21.3,37,2015-10-13,국가대표,국가대표팀 친선경기,친선경기(vs자메이카),대한축구협회,18955.0,136252210.0,2
43,2015-10-16,108,,108.0,17.5,13.2,24.2,38,2015-10-16,일반행사,종교행사,2015 기도대성회,(재)순복음선교회,63336.0,99866820.0,4
44,2015-10-20,108,,108.0,18.8,15.4,25.1,50,2015-10-20,기타축구,중국유소년팀 초청 친선경기,중국유소년팀 초청 친선경기,마포구청 생활체육과,60.0,714000.0,1
45,2015-10-21,108,,108.0,17.9,13.9,22.7,51,2015-10-21,기타축구,중국유소년팀 초청 친선경기,중국유소년팀 초청 친선경기,마포구청 생활체육과,60.0,714000.0,1
46,2015-10-25,108,,108.0,16.3,12.1,22.8,39,2015-10-25,K리그,K리그 클래식,K리그 스플릿(vs전북),GS스포츠,24262.0,51532290.0,1
47,2015-10-31,108,,108.0,5.7,1.1,12.3,40,2015-10-31,기타축구,FA컵,FA컵 결승전(vs인천),GS스포츠,26797.0,49031360.0,1
48,2015-11-07,108,24.5,108.0,10.5,9.3,11.7,41,2015-11-07,K리그,K리그 클래식,K리그 스플릿(vs수원),GS스포츠,23308.0,69127730.0,1
49,2015-11-21,108,,108.0,9.2,5.0,15.4,42,2015-11-21,기타축구,서울컵2015 후기결승,서울컵2015 후기결승,"서울시설공단,GS스포츠",350.0,0.0,1
50,2015-11-28,108,0.1,108.0,0.1,-2.7,2.6,43,2015-11-28,기타축구,서울컵2015 통합결승,서울컵2015 통합결승,"서울시설공단,GS스포츠",350.0,0.0,1
51,2016-02-29,108,0.0,108.0,-3.8,-5.9,-1.1,52,2016-02-29,기타축구,ACL,ACL 적응훈련(히로시마),GS스포츠,50.0,460000.0,1
52,2016-03-01,108,,108.0,-2.7,-7.5,2.1,53,2016-03-01,기타축구,ACL,ACL (vs 히로시마),GS스포츠,18115.0,39962090.0,1
53,2016-03-20,108,,108.0,10.6,4.9,17.5,54,2016-03-20,K리그,K리그 클래식,K리그 클래식(vs상주),GS스포츠,25950.0,49204650.0,1
54,2016-04-02,108,,108.0,15.0,9.6,21.7,55,2016-04-02,K리그,K리그 클래식,K리그 클래식(vs인천),GS스포츠,19318.0,45520290.0,1
55,2016-04-04,108,,108.0,12.3,5.1,19.8,57,2016-04-04,기타축구,ACL,ACL 적응훈련(산둥루넝),GS스포츠,50.0,598000.0,1
56,2016-04-05,108,,108.0,11.4,5.9,18.1,58,2016-04-05,기타축구,ACL,ACL (vs 산둥루넝),GS스포츠,10147.0,33441240.0,1
57,2016-04-14,108,,108.0,12.4,9.3,18.6,56,2016-04-14,일반행사,콘서트,mbc무한도전 게릴라 콘서트,mbc 문화방송,14156.0,33039330.0,4
58,2016-04-16,108,23.5,108.0,14.9,9.8,20.7,59,2016-04-16,K리그,K리그 클래식,K리그 클래식(vs수원FC),GS스포츠,13190.0,40614080.0,1
59,2016-04-19,108,,108.0,12.0,6.5,19.2,60,2016-04-19,기타축구,ACL,ACL 적응훈련(부리람),GS스포츠,50.0,598000.0,1
60,2016-04-20,108,0.5,108.0,14.3,10.1,20.9,61,2016-04-20,기타축구,ACL,ACL (vs 부리람),GS스포츠,5109.0,27360970.0,2
61,2016-04-22,108,0.0,108.0,13.5,10.1,18.6,62,2016-04-22,기타축구,일반시민 축구경기,일반시민 축구경기,한성동문축구클럽,50.0,690000.0,1
62,2016-04-23,108,,108.0,13.5,7.8,19.8,63,2016-04-23,기타축구,일반시민 축구경기,일반시민 축구경기,곰두리축구단,60.0,0.0,1
63,2016-05-01,108,,108.0,18.8,12.2,26.0,64,2016-05-01,일반행사,종교행사,원불교 100주년 기념행사,원불교,49292.0,93492760.0,8
64,2016-05-08,108,,108.0,19.4,11.6,26.8,65,2016-05-08,K리그,K리그 클래식,K리그 클래식(vs포항),GS스포츠,17530.0,44274590.0,1
65,2016-05-11,108,,108.0,16.4,10.4,23.5,66,2016-05-11,기타축구,FA컵,FA컵-32강전 (vs대구FC),GS스포츠,3539.0,11606690.0,1
66,2016-05-24,108,38.5,108.0,16.8,15.4,21.8,67,2016-05-24,기타축구,ACL,ACL 적응훈련(우라와),GS스포츠,50.0,598000.0,1
67,2016-05-25,108,,108.0,19.7,15.3,24.4,68,2016-05-25,기타축구,ACL,ACL 16강전 (vs우라와 ),GS스포츠,14173.0,31028600.0,1
68,2016-05-29,108,,108.0,21.5,17.2,27.6,69,2016-05-29,K리그,K리그 클래식,K리그 클래식(vs전남),GS스포츠,15851.0,42483520.0,1
69,2016-06-04,108,,108.0,21.2,18.2,26.3,70,2016-06-04,일반행사,콘서트,2016 드림콘서트,한국연예제작자협회,43712.0,102288570.0,7
70,2016-06-06,108,0.0,108.0,23.3,20.8,28.4,71,2016-06-06,K리그,K리그 클래식,K리그 클래식(vs제주),GS스포츠,17466.0,45826590.0,1
71,2016-06-15,108,15.5,108.0,20.9,17.4,24.5,72,2016-06-15,K리그,K리그 클래식,K리그 클래식(vs광주),GS스포츠,5505.0,34016190.0,1
72,2016-06-18,108,,108.0,24.5,20.1,29.9,73,2016-06-18,K리그,K리그 클래식,K리그 클래식(vs수원삼성),GS스포츠,47899.0,88646260.0,1
73,2016-06-22,108,30.5,108.0,24.3,20.9,30.2,74,2016-06-22,기타축구,FA컵,FA컵-16강전 (vs안산경찰청),GS스포츠,3993.0,11932030.0,1
74,2016-06-25,108,,108.0,22.8,19.2,26.7,75,2016-06-25,기타축구,일반시민 축구경기,일반시민 축구경기,오 재 상,50.0,897000.0,1
75,2016-06-26,108,,108.0,24.4,19.4,30.3,76,2016-06-26,기타축구,일반시민 축구경기,일반시민 축구경기,남 상 범,50.0,897000.0,1
76,2016-06-29,108,,108.0,25.3,20.9,30.2,77,2016-06-29,K리그,K리그 클래식,K리그 클래식(vs성남),GS스포츠,7865.0,41603320.0,1
77,2016-07-03,108,,108.0,23.5,21.1,26.8,78,2016-07-03,일반행사,프린지 축제(윷놀이),프린지 축제(윷놀이),프 린 지,500.0,0.0,1
78,2016-07-09,108,,108.0,27.7,23.2,32.7,79,2016-07-09,K리그,K리그 클래식,K리그 클래식(vs울산),GS스포츠,18372.0,49353270.0,1
79,2016-07-13,108,0.0,108.0,26.3,23.2,29.5,80,2016-07-13,기타축구,FA컵,FA컵-8강전 (vs전남),GS스포츠,5322.0,13680650.0,1
80,2016-07-16,108,46.5,108.0,20.8,19.8,23.8,81,2016-07-16,기타축구,일반시민 축구경기,일반시민 축구경기,필립스전자,50.0,897000.0,1
81,2016-07-17,108,2.5,108.0,21.7,20.4,23.1,82,2016-07-17,기타축구,일반시민 축구경기,일반시민 축구경기,jinguangzh,50.0,897000.0,1
82,2016-07-20,108,,108.0,28.6,24.0,32.9,83,2016-07-20,K리그,K리그 클래식,K리그 클래식(vs전북),GS스포츠,18814.0,50784780.0,1
83,2016-07-22,108,,108.0,29.1,25.3,34.1,84,2016-07-22,일반행사,프린지 축제(크리미널 런),프린지 축제(크리미널 런),프 린 지,500.0,0.0,2
84,2016-07-31,108,0.2,108.0,28.9,26.6,32.8,85,2016-07-31,K리그,K리그 클래식,K리그 클래식(vs포항),GS스포츠,17140.0,48929580.0,1
85,2016-08-13,108,,108.0,30.2,26.8,35.1,86,2016-08-13,K리그,K리그 클래식,K리그 클래식(vs수원삼성),GS스포츠,36309.0,68641240.0,1
86,2016-08-20,108,,108.0,30.1,26.5,34.9,87,2016-08-20,일반행사,콘서트,빅뱅 10주년 기념 콘서트,YG엔터테인먼트,64816.0,575270560.0,6
87,2016-08-23,108,8.0,108.0,28.3,26.0,33.0,88,2016-08-23,기타축구,ACL,ACL 적응훈련(산둥루넝),GS스포츠,50.0,598000.0,1
88,2016-08-24,108,0.0,108.0,29.1,26.4,32.9,89,2016-08-24,기타축구,ACL,ACL-8강(vs산둥루넝),GS스포츠,16044.0,38233230.0,1
89,2016-08-28,108,1.5,108.0,21.0,18.3,24.5,90,2016-08-28,K리그,K리그 클래식,K리그 클래식(vs전북),GS스포츠,24508.0,57407730.0,1
90,2016-08-31,108,17.5,108.0,17.7,16.1,19.2,91,2016-08-31,국가대표,월드컵예선 적응훈련(중국),월드컵예선 적응훈련(중국),대한축구협회,50.0,598000.0,1
91,2016-09-01,108,,108.0,23.2,15.8,28.6,92,2016-09-01,국가대표,월드컵예선(vs중국),월드컵예선(vs중국),대한축구협회,46534.0,260632680.0,2
92,2016-09-03,108,0.5,108.0,23.9,20.4,28.6,93,2016-09-03,K리그,K리그 클래식,K리그 클래식(vs울산),GS스포츠,13843.0,44235720.0,1
93,2016-09-10,108,,108.0,24.4,20.0,29.1,94,2016-09-10,일반행사,프린지 축제(크리미널 런),프린지 축제(크리미널 런),프 린 지,60.0,0.0,1
94,2016-09-11,108,,108.0,24.5,22.1,28.2,95,2016-09-11,기타축구,일반시민 축구경기,일반시민 축구경기,조 성 일,50.0,897000.0,1
95,2016-09-18,108,,108.0,23.5,20.2,28.3,96,2016-09-18,K리그,K리그 클래식,K리그 클래식(vs제주),GS스포츠,15516.0,44263090.0,1
96,2016-09-23,108,,108.0,21.4,16.4,27.9,97,2016-09-23,일반행사,전국금융노조 축제 한마당,전국금융노조 축제 한마당,전국금융산업노동조합,53332.0,88433400.0,3
97,2016-09-24,108,,108.0,22.3,16.5,28.9,98,2016-09-24,기타축구,일반시민 축구경기,일반시민 축구경기,윤 무 영,50.0,897000.0,1
98,2016-09-25,108,,108.0,23.0,18.6,29.7,99,2016-09-25,일반행사,프린지 축제(즉흥으로놀자),프린지 축제(즉흥으로놀자),프 린 지,500.0,0.0,2
99,2016-10-03,108,6.5,108.0,22.7,19.6,27.9,100,2016-10-03,일반행사,어반 애슬런 2016,어반 애슬런 2016,볼 렌 트,1600.0,36917580.0,2
100,2016-10-08,108,6.0,108.0,16.8,10.3,21.8,101,2016-10-08,일반행사,청춘 아레나,청춘 아레나,마이크임팩트,9449.0,47704320.0,5
101,2016-10-15,108,,108.0,19.1,12.4,27.1,102,2016-10-15,기타축구,2016 서울컵 남자부 결승,2016 서울컵 남자부 결승,"공단, GS스포츠",50.0,0.0,1
102,2016-10-15,108,,108.0,19.1,12.4,27.1,103,2016-10-15,K리그,K리그 클래식,스플릿리그 (vs울산),GS스포츠,10482.0,38438370.0,1
103,2016-10-18,108,,108.0,17.0,11.2,24.0,104,2016-10-18,기타축구,ACL,ACL 적응훈련(전북),GS스포츠,50.0,460000.0,1
104,2016-10-19,108,,108.0,18.0,14.0,24.3,105,2016-10-19,기타축구,ACL,ACL 4강전 (vs전북),GS스포츠,14677.0,36210420.0,1
105,2016-10-22,108,,108.0,18.3,14.5,22.8,106,2016-10-22,기타축구,2016 서울컵 여자부 결승,2016 서울컵 여자부 결승,"공단, GS스포츠",50.0,0.0,1
106,2016-10-22,108,,108.0,18.3,14.5,22.8,107,2016-10-22,K리그,K리그 클래식,스플릿리그 (vs상주),GS스포츠,11565.0,41455400.0,1
107,2016-10-26,108,0.0,108.0,13.3,10.5,16.3,108,2016-10-26,기타축구,FA컵,FA컵 4강전 (vs부천),GS스포츠,5843.0,12934460.0,1
108,2016-11-02,108,0.1,108.0,4.1,-2.7,10.5,109,2016-11-02,K리그,K리그 클래식,스플릿리그 (vs전남),GS스포츠,5011.0,34624960.0,1
109,2016-11-14,108,1.5,108.0,13.2,10.2,15.8,110,2016-11-14,국가대표,월드컵예선 적응훈련(우주백),월드컵예선 적응훈련(우주백),대한축구협회,150.0,1518000.0,3
110,2016-11-15,108,,108.0,5.2,2.5,10.2,111,2016-11-15,국가대표,월드컵예선(vs우주백),월드컵예선(vs우주백),대한축구협회,27496.0,133667740.0,1
111,2016-11-20,108,,108.0,9.8,6.4,15.3,112,2016-11-20,기타축구,서울시 S리그 결승,서울시 S리그 결승,서울시 체육진흥과,50.0,411580.0,1
112,2016-12-03,108,,108.0,4.5,-0.7,11.3,113,2016-12-03,기타축구,FA컵,FA컵 결승전 (vs수원),GS스포츠,35037.0,70985880.0,1
113,2017-02-20,108,0.5,108.0,-1.5,-5.2,5.4,114,2017-02-20,기타축구,ACL,ACL 적응훈련(상하이상강),GS스포츠,50.0,598000.0,1
114,2017-02-21,108,,108.0,-0.6,-7.6,6.9,115,2017-02-21,기타축구,ACL,ACL (vs 상하이상강),GS스포츠,17764.0,40406640.0,1
115,2017-03-05,108,0.5,108.0,5.2,1.2,10.4,116,2017-03-05,K리그,K리그 클래식,K리그 클래식(vs수원),GS스포츠,34376.0,79174040.0,1
116,2017-03-14,108,,108.0,5.8,1.0,10.9,117,2017-03-14,기타축구,ACL,ACL 적응훈련(시드니),GS스포츠,50.0,460000.0,1
117,2017-03-15,108,,108.0,6.3,0.4,13.3,118,2017-03-15,기타축구,ACL,ACL (vs 웨스턴시드니),GS스포츠,4769.0,24815410.0,1
118,2017-03-19,108,,108.0,10.9,3.2,18.9,119,2017-03-19,K리그,K리그 클래식,K리그 클래식(vs광주),GS스포츠,10892.0,36970700.0,1
119,2017-03-27,108,0.4,108.0,6.1,4.4,10.9,120,2017-03-27,국가대표,월드컵예선 적응훈련(시리아),월드컵예선 적응훈련(시리아),대한축구협회,100.0,598000.0,1
120,2017-03-28,108,,108.0,7.1,2.5,12.7,121,2017-03-28,국가대표,월드컵예선(vs시리아),월드컵예선(vs시리아),대한축구협회,27920.0,114651600.0,1
121,2017-04-01,108,1.0,108.0,9.0,4.8,15.1,122,2017-04-01,기타축구,일반시민 축구경기,일반시민 축구경기,황희식,50.0,897000.0,1
122,2017-04-08,108,0.5,108.0,13.0,8.6,19.9,123,2017-04-08,K리그,K리그 클래식,K리그 클래식(vs제주),GS스포츠,13175.0,38079860.0,1
123,2017-04-13,108,0.0,108.0,12.7,6.3,19.6,124,2017-04-13,일반행사,국가금식회개의날,국가금식회개의날,TOW미니스트리,15248.0,75858220.0,6
124,2017-04-19,108,,108.0,12.6,7.0,18.4,125,2017-04-19,기타축구,FA컵,FA컵-32강전 (vs 안양),GS스포츠,4277.0,12211850.0,1
125,2017-04-22,108,,108.0,14.8,8.5,22.5,126,2017-04-22,K리그,K리그 클래식,K리그 클래식(vs인천),GS스포츠,14596.0,40827270.0,1
126,2017-04-29,108,,108.0,17.1,9.6,23.7,127,2017-04-29,기타축구,일반시민 축구경기,일반시민 축구경기,곰두리축구단,200.0,0.0,1
127,2017-05-03,108,,108.0,21.5,14.5,30.2,128,2017-05-03,K리그,K리그 클래식,K리그 클래식(vs전남),GS스포츠,26261.0,50450840.0,1
128,2017-05-09,108,2.5,108.0,17.1,15.3,22.6,129,2017-05-09,기타축구,ACL,ACL 적응훈련(우라와),GS스포츠,50.0,460000.0,1
129,2017-05-10,108,2.5,108.0,16.4,14.2,20.8,130,2017-05-10,기타축구,ACL,ACL (vs우라와 ),GS스포츠,4933.0,26304850.0,1
130,2017-05-14,108,,108.0,15.7,11.0,20.7,131,2017-05-14,일반행사,워킹페스티벌 after 콘서트,워킹페스티벌 after 콘서트,크래스토마케팅,6682.0,24312350.0,4
131,2017-05-17,108,,108.0,18.6,12.3,25.9,132,2017-05-17,기타축구,FA컵,FA컵-16강전 (vs부산),GS스포츠,2456.0,9976980.0,1
132,2017-05-20,108,,108.0,20.9,15.4,27.3,133,2017-05-20,K리그,K리그 클래식,K리그 클래식(vs강원),GS스포츠,14560.0,45898730.0,1
133,2017-05-27,108,,108.0,19.5,13.7,26.4,134,2017-05-27,K리그,K리그 클래식,K리그 클래식(vs울산),GS스포츠,16359.0,42134530.0,1
134,2017-06-03,108,,108.0,20.5,16.1,26.5,135,2017-06-03,일반행사,콘서트,2017 드림콘서트,한국연예제작자협회,47508.0,100639370.0,9
135,2017-06-10,108,4.5,108.0,21.5,16.7,27.5,136,2017-06-10,일반행사,콘서트,지드래곤 2017 콘서트,YG엔터테인먼트,35443.0,316811100.0,9
136,2017-06-21,108,0.0,108.0,25.4,21.7,31.6,137,2017-06-21,K리그,K리그 클래식,K리그 클래식(vs대구),GS스포츠,6384.0,33789660.0,1
137,2017-06-25,108,1.5,108.0,23.8,21.0,28.4,138,2017-06-25,K리그,K리그 클래식,K리그 클래식(vs상주),GS스포츠,9757.0,37307610.0,1
138,2017-07-02,108,92.0,108.0,24.3,21.9,26.8,139,2017-07-02,K리그,K리그 클래식,K리그 클래식(vs전북),GS스포츠,17571.0,56086320.0,1
139,2017-07-08,108,4.5,108.0,26.0,24.6,27.6,140,2017-07-08,일반행사,콘서트,SM타운 콘서트,드림메이커엔터테인먼트,32637.0,213257280.0,7
140,2017-07-12,108,0.0,108.0,27.1,24.9,31.1,141,2017-07-12,K리그,K리그 클래식,K리그 클래식(vs포항),GS스포츠,8833.0,41230490.0,1
141,2017-07-17,108,7.5,108.0,26.8,24.0,29.0,142,2017-07-17,일반행사,프린지 페스티벌,프린지 페스티벌,프린지,6000.0,0.0,6
142,2017-07-23,108,133.5,108.0,27.0,26.1,28.1,143,2017-07-23,K리그,K리그 클래식,K리그 클래식(vs전북),GS스포츠,23913.0,53603280.0,1
143,2017-08-02,108,,108.0,30.0,26.6,33.0,144,2017-08-02,K리그,K리그 클래식,K리그 클래식(vs강원),GS스포츠,11361.0,40148730.0,1
144,2017-08-19,108,0.0,108.0,26.1,23.1,28.7,145,2017-08-19,K리그,K리그 클래식,K리그 클래식(vs울산),GS스포츠,18087.0,47121090.0,1
145,2017-08-29,108,,108.0,19.5,17.0,24.0,146,2017-08-29,국가대표,월드컵예선 적응훈련,월드컵예선 적응훈련,대한축구협회,200.0,1196000.0,2
146,2017-08-31,108,,108.0,22.2,16.6,27.6,147,2017-08-31,국가대표,월드컵예선(vs이란),월드컵예선(vs이란),대한축구협회,60326.0,253759790.0,1
147,2017-09-09,108,,108.0,23.8,19.2,28.2,148,2017-09-09,K리그,K리그 클래식,K리그 클래식(vs제주),GS스포츠,17161.0,45338070.0,1
148,2017-09-23,108,0.0,108.0,21.8,17.6,27.3,149,2017-09-23,K리그,K리그 클래식,K리그 클래식(vs포항),GS스포츠,16621.0,61864500.0,1
149,2017-10-21,108,,108.0,17.6,11.0,25.2,150,2017-10-21,K리그,K리그 클래식,K-스플릿라운드(vs수원),GS스포츠,27257.0,53874070.0,1
150,2017-10-28,108,,108.0,17.2,10.6,24.8,151,2017-10-28,기타축구,2017 서울컵 여자부 결승,2017 서울컵 여자부 결승,"공단, GS스포츠",50.0,0.0,1
151,2017-10-28,108,,108.0,17.2,10.6,24.8,152,2017-10-28,K리그,K리그 클래식,K-스플릿라운드(vs울산),GS스포츠,11984.0,37815470.0,1
152,2017-11-11,108,,108.0,5.9,2.7,10.7,153,2017-11-11,일반행사,한반도 평화통일 세계대회,한반도 평화통일 세계대회,세계평화통일가정연합,55991.0,101969480.0,7
153,2017-11-19,108,,108.0,-1.6,-6.6,3.5,154,2017-11-19,기타축구,2017 서울컵 남자부 결승,2017 서울컵 남자부 결승,"공단, GS스포츠",50.0,0.0,1
154,2017-11-19,108,,108.0,-1.6,-6.6,3.5,155,2017-11-19,K리그,K리그 클래식,K-스플릿라운드(vs제주),GS스포츠,10913.0,39301310.0,1
155,2018-03-11,108,,108.0,6.4,2.7,12.2,156,2018-03-11,K리그,K리그 클래식,2018 K리그1 서울vs강원,(주)GS스포츠,16506.0,42307060.0,1
156,2018-04-01,108,,108.0,15.6,11.7,18.5,157,2018-04-01,K리그,K리그 클래식,2018 K리그1 서울vs인천,(주)GS스포츠,12686.0,40321530.0,1
157,2018-04-07,108,0.2,108.0,4.2,1.4,8.6,158,2018-04-07,기타축구,황희식/재경 동산FC축구단,서울경찰청FCvs재경동산FC 축구대회,황희식/재경 동산FC축구단,,897000.0,1
158,2018-04-11,108,,108.0,12.6,8.7,17.3,159,2018-04-11,K리그,K리그 클래식,2018 K리그1 서울vs포항,(주)GS스포츠,5230.0,30946270.0,1
159,2018-04-21,108,,108.0,18.7,12.3,25.6,160,2018-04-21,K리그,K리그 클래식,2018 K리그1 서울vs대구,(주)GS스포츠,8147.0,34804970.0,1
160,2018-04-28,108,,108.0,15.4,10.5,21.7,161,2018-04-28,K리그,K리그 클래식,2018 K리그1 서울vs상주,(주)GS스포츠,8063.0,34835140.0,1
161,2018-05-05,108,,108.0,18.3,11.6,24.6,162,2018-05-05,K리그,K리그 클래식,2018 K리그1 서울vs수원,(주)GS스포츠,37373.0,71612970.0,1
162,2018-05-12,108,32.0,108.0,14.2,11.8,16.1,163,2018-05-12,일반행사,콘서트,2018 드림콘서트,한국연예제작자협회,43035.0,97994340.0,7
163,2018-05-18,108,6.5,108.0,16.3,12.2,19.3,164,2018-05-18,일반행사,종교행사,2018 세계평화와 희망나눔을 위한 기도대성회,여의도순복음교회,65608.0,109245110.0,7
164,2018-05-20,108,,108.0,17.0,11.5,22.6,165,2018-05-20,K리그,K리그 클래식,2018 K리그1 서울vs전북,(주)GS스포츠,23956.0,55174460.0,1
165,2018-07-15,108,,108.0,28.3,24.5,33.2,166,2018-07-15,K리그,K리그 클래식,2018 K리그1 서울vs울산,(주)GS스포츠,12708.0,42381580.0,1
166,2018-07-18,108,,108.0,28.2,23.7,33.2,167,2018-07-18,K리그,K리그 클래식,2018 K리그1 서울vs전남,(주)GS스포츠,6056.0,36053570.0,1
167,2018-07-28,108,7.5,108.0,29.5,28.0,35.2,168,2018-07-28,K리그,K리그 클래식,2018 K리그1 서울vs경남,(주)GS스포츠,9923.0,39371320.0,1
168,2018-08-04,108,,108.0,31.1,28.0,34.9,169,2018-08-04,K리그,K리그 클래식,2018 K리그1 서울vs제주,(주)GS스포츠,9456.0,38758310.0,1
169,2018-08-08,108,,108.0,31.0,27.6,35.3,170,2018-08-08,기타축구,FA컵,2018 FA컵 16강전 서울vs제주,(주)GS스포츠,3809.0,13351290.0,1
170,2018-08-11,108,,108.0,31.0,26.4,36.0,171,2018-08-11,기타축구,한국노동조합총연맹,남북노동자 통일 축구대회,한국노동조합총연맹,12452.0,34375000.0,3
171,2018-08-19,108,,108.0,28.2,23.0,34.4,172,2018-08-19,K리그,K리그 클래식,2018 K리그1 서울vs전북,(주)GS스포츠,20471.0,53100490.0,1
172,2018-08-22,108,,108.0,30.7,23.4,37.6,173,2018-08-22,K리그,K리그 클래식,2018 K리그1 서울vs포항,(주)GS스포츠,6995.0,38131200.0,1
173,2018-09-16,108,2.0,108.0,22.2,21.0,23.9,174,2018-09-16,K리그,K리그 클래식,2018 K리그1 서울vs대구,(주)GS스포츠,15602.0,42600940.0,1
174,2018-09-26,108,,108.0,19.4,16.2,24.8,175,2018-09-26,K리그,K리그 클래식,2018 K리그1 서울vs인천,(주)GS스포츠,15092.0,41887160.0,1
175,2018-09-30,108,,108.0,17.6,14.0,21.6,176,2018-09-30,K리그,K리그 클래식,2018 K리그1 서울vs상주,(주)GS스포츠,12943.0,39249740.0,1
176,2018-10-12,108,,108.0,10.9,5.2,17.4,177,2018-10-12,국가대표,대한축구협회,축구국가대표팀 친선경기 대한민국vs우루과이,대한축구협회,64170.0,339712980.0,2
177,2018-10-27,108,,108.0,8.7,6.2,11.6,178,2018-10-27,K리그,K리그 클래식,2018 K스플릿라운드 서울vs강원,(주)GS스포츠,7616.0,35091160.0,1
178,2018-11-11,108,0.0,108.0,8.1,5.4,10.9,179,2018-11-11,K리그,K리그 클래식,2018 K스플릿라운드 서울vs전남,(주)GS스포츠,8525.0,35880530.0,1
179,2018-11-24,108,10.9,108.0,2.6,0.3,3.8,180,2018-11-24,K리그,K리그 클래식,2018 K스플릿라운드 서울vs인천,(주)GS스포츠,10816.0,38832310.0,1
180,2018-12-09,108,,108.0,-7.2,-11.8,-2.1,181,2018-12-09,K리그,K리그 클래식,2018 K리그 승강플레이오프 서울vs부산,(주)GS스포츠,9612.0,57504930.0,1
181,2019-03-03,108,,108.0,9.4,2.5,16.1,182,2019-03-03,K리그,K리그1,2019 K리그1 서울vs포항,(주)GS스포츠,15100.0,46448200.0,1
182,2019-03-16,108,,108.0,4.3,0.2,9.2,183,2019-03-16,K리그,K리그1,2019 K리그1 서울vs제주,(주)GS스포츠,17003.0,42233810.0,1
183,2019-03-26,108,,108.0,11.4,7.4,17.6,184,2019-03-26,국가대표,축구국가대표팀 친선경기 대한민국vs콜롬비아,축구국가대표팀 친선경기 대한민국vs콜롬비아,대한축구협회,64412.0,359759980.0,2
184,2019-03-30,108,1.8,108.0,5.2,3.5,8.4,185,2019-03-30,K리그,K리그1,2019 K리그1 서울vs상주,(주)GS스포츠,12862.0,39618720.0,1
185,2019-04-06,108,0.8,108.0,9.3,5.9,12.2,186,2019-04-06,K리그,K리그1,2019 K리그1 서울vs경남,(주)GS스포츠,13503.0,39677520.0,1
186,2019-04-21,108,0.3,108.0,14.8,12.2,20.2,187,2019-04-21,K리그,K리그1,2019 K리그1 서울vs인천,(주)GS스포츠,19314.0,47636620.0,1
187,2019-05-11,108,,108.0,20.3,13.2,28.3,188,2019-05-11,K리그,K리그1,2019 K리그1 서울vs대구,(주)GS스포츠,26505.0,58091120.0,1
188,2019-05-18,108,0.0,108.0,22.8,19.1,25.9,189,2019-05-18,일반행사,콘서트,2019 드림콘서트,한국연예제작자협회,42563.0,88875350.0,7
189,2019-05-28,108,,108.0,18.1,11.9,24.6,190,2019-05-28,K리그,K리그1,2019 K리그1 서울vs성남,(주)GS스포츠,13091.0,41764650.0,1
190,2019-06-11,108,,108.0,20.5,15.5,26.1,191,2019-06-11,국가대표,축구국가대표팀 친선경기 대한민국vs이란,축구국가대표팀 친선경기 대한민국vs이란,대한축구협회,35481.0,316281330.0,2
191,2019-06-16,108,,108.0,22.0,16.1,27.2,192,2019-06-16,국가대표,2019 FIFA U-20 월드컵 결승 거리응원전,2019 FIFA U-20 월드컵 결승 거리응원전,"서울특별시, 대한축구협회",23000.0,,2
192,2019-06-16,108,,108.0,22.0,16.1,27.2,193,2019-06-16,K리그,K리그1,2019 K리그1 서울vs수원,(주)GS스포츠,35481.0,64878370.0,1
193,2019-06-30,108,0.0,108.0,23.9,20.9,28.5,194,2019-06-30,K리그,K리그1,2019 K리그1 서울vs울산,(주)GS스포츠,19992.0,50311719.0,1
194,2019-07-06,108,,108.0,29.7,24.6,36.1,195,2019-07-06,K리그,K리그1,2019 K리그1 서울vs강원,(주)GS스포츠,17990.0,49143620.0,1
195,2019-07-20,108,1.1,108.0,28.0,25.1,31.9,196,2019-07-20,K리그,K리그1,2019 K리그1 서울vs전북,(주)GS스포츠,32008.0,69212790.0,1
196,2019-07-26,108,60.0,108.0,25.1,23.7,25.9,197,2019-07-26,일반행사,K리그 올스타vs유벤투스FC,K리그 올스타vs유벤투스FC,"사)한국프로축구연맹, ㈜더페스타",62689.0,912828350.0,2
197,2019-08-02,108,,108.0,28.4,24.7,33.1,198,2019-08-02,K리그,K리그1,2019 K리그1 서울vs대구,(주)GS스포츠,18578.0,48590770.0,1
198,2019-08-11,108,6.7,108.0,30.4,26.3,35.7,199,2019-08-11,K리그,K리그1,2019 K리그1 서울vs강원,(주)GS스포츠,15355.0,47218175.0,1
199,2019-09-01,108,,108.0,23.7,19.2,27.8,200,2019-09-01,K리그,K리그1,2019 K리그1 서울vs전북,(주)GS스포츠,28024.0,62535658.0,1
200,2019-09-15,108,,108.0,24.2,19.5,30.0,201,2019-09-15,K리그,K리그1,2019 K리그1 서울vs인천,(주)GS스포츠,15236.0,44995210.0,1
201,2019-09-25,108,,108.0,20.9,14.8,27.4,202,2019-09-25,K리그,K리그1,2019 K리그1 서울vs경남,(주)GS스포츠,8429.0,39306280.0,1
202,2019-09-29,108,,108.0,22.6,17.9,28.6,203,2019-09-29,K리그,K리그1,2019 K리그1 서울vs상주,(주)GS스포츠,13914.0,60876030.0,1
203,2019-10-08,108,,108.0,14.7,10.6,19.8,204,2019-10-08,기타축구,제100회 전국체육대회,제100회 전국체육대회 4강 1차전,서울특별시,300.0,2769440.0,2
204,2019-10-08,108,,108.0,14.7,10.6,19.8,205,2019-10-08,기타축구,제100회 전국체육대회,제100회 전국체육대회 4강 2차전,서울특별시,350.0,0.0,0
205,2019-10-10,108,,108.0,15.2,10.7,19.8,206,2019-10-10,기타축구,제100회 전국체육대회,제100회 전국체육대회 결승,서울특별시,300.0,0.0,1
206,2019-10-16,108,,108.0,14.6,9.0,20.8,207,2019-10-16,기타축구,제39회 장애인체전,제39회 장애인체전 8강전 1경기,서울특별시,100.0,354510.0,2
207,2019-10-16,108,,108.0,14.6,9.0,20.8,208,2019-10-16,기타축구,제39회 장애인체전,제39회 장애인체전 8강전 2경기,서울특별시,100.0,0.0,0
208,2019-10-16,108,,108.0,14.6,9.0,20.8,209,2019-10-16,기타축구,제39회 장애인체전,제39회 장애인체전 8강전 3경기,서울특별시,100.0,0.0,0
209,2019-10-16,108,,108.0,14.6,9.0,20.8,210,2019-10-16,기타축구,제39회 장애인체전,제39회 장애인체전 8강전 4경기,서울특별시,100.0,0.0,0
210,2019-10-18,108,,108.0,17.0,12.0,22.7,211,2019-10-18,기타축구,제39회 장애인체전,제39회 장애인체전 4강전 1경기,서울특별시,200.0,0.0,1
211,2019-10-18,108,,108.0,17.0,12.0,22.7,212,2019-10-18,기타축구,제39회 장애인체전,제39회 장애인체전 4강전 2경기,서울특별시,200.0,0.0,0
212,2019-10-19,108,,108.0,17.0,12.1,23.1,213,2019-10-19,기타축구,제39회 장애인체전,제39회 장애인체전 결승,서울특별시,200.0,0.0,1
213,2019-11-03,108,,108.0,14.7,9.4,22.1,214,2019-11-03,K리그,K리그1,2019 K리그1 파이널 서울vs울산,(주)GS스포츠,19813.0,68202520.0,1
214,2019-11-23,108,,108.0,12.1,7.7,17.7,215,2019-11-23,K리그,K리그1,2020 K리그1 파이널 서울vs포항,(주)GS스포츠,16783.0,46329880.0,1
215,2020-01-28,108,0.0,108.0,6.8,4.3,9.9,216,2020-01-28,기타축구,ACL,ACL플레이오프 서울VS케다FA,(주)GS스포츠,4510.0,26298400.0,2
216,2020-02-18,108,,108.0,-4.1,-8.3,1.3,217,2020-02-18,기타축구,ACL,ACL 서울VS멜버른,(주)GS스포츠,4354.0,30671040.0,2
217,2020-05-17,108,0.0,108.0,19.1,14.6,24.9,218,2020-05-17,K리그,K리그1,2020 K리그1 서울vs광주,(주)GS스포츠,0.0,21223160.0,2
218,2020-05-31,108,1.0,108.0,21.2,17.6,28.0,219,2020-05-31,K리그,K리그1,2020 K리그1 서울vs성남,(주)GS스포츠,0.0,21376390.0,1
219,2020-06-06,108,,108.0,24.6,19.2,30.9,220,2020-06-06,K리그,K리그1,2020 K리그1 서울vs전북,(주)GS스포츠,0.0,21260110.0,1
220,2020-06-20,108,,108.0,24.9,20.7,29.7,221,2020-06-20,K리그,K리그1,2020 K리그1 서울vs울산,(주)GS스포츠,0.0,19165560.0,1
221,2020-06-27,108,0.0,108.0,24.1,20.4,29.6,222,2020-06-27,K리그,K리그1,2020 K리그1 서울vs인천,(주)GS스포츠,0.0,19334090.0,1
222,2020-07-18,108,,108.0,26.1,22.8,31.0,223,2020-07-18,K리그,K리그1,2020 K리그1 서울vs포항,(주)GS스포츠,0.0,19461650.0,1
223,2020-07-29,108,50.1,108.0,23.7,22.6,24.9,224,2020-07-29,K리그,FA컵,2020  하나은행 FA컵 8강전 서울vs포항,(주)GS스포츠,0.0,6340250.0,1
224,2020-08-07,108,0.0,108.0,24.3,22.6,26.1,225,2020-08-07,K리그,K리그1,2020 K리그1 서울vs강원,(주)GS스포츠,2312.0,26673400.0,1
225,2020-08-15,108,69.0,108.0,26.1,25.0,27.0,226,2020-08-15,K리그,K리그1,2020 K리그1 서울vs상주,(주)GS스포츠,2678.0,26975750.0,1
226,2020-09-05,108,,108.0,23.3,19.2,27.3,227,2020-09-05,K리그,K리그1,2020 K리그1 서울vs부산,(주)GS스포츠,0.0,19098910.0,1
227,2020-09-13,108,,108.0,21.5,16.7,26.6,228,2020-09-13,K리그,K리그1,2020 K리그1 서울vs수원,(주)GS스포츠,0.0,19065370.0,1
228,2020-09-20,108,,108.0,19.7,15.6,24.9,229,2020-09-20,K리그,K리그1,2020 K리그1 서울vs대구,(주)GS스포츠,0.0,18390560.0,1
229,2020-10-04,108,0.0,108.0,16.6,10.6,21.8,230,2020-10-04,K리그,K리그1,2020 K리그1 파이널 서울vs부산,(주)GS스포츠,0.0,19122280.0,1
230,2020-10-24,108,,108.0,8.7,3.2,14.0,231,2020-10-24,K리그,K리그1,2020 K리그1 파이널 서울vs강원,(주)GS스포츠,2621.0,26138460.0,1
231,2020-10-31,108,,108.0,13.6,8.5,18.2,232,2020-10-31,K리그,K리그1,2020 K리그1 파이널 서울vs인천,(주)GS스포츠,5485.0,30852580.0,1
232,2021-03-07,108,,108.0,6.2,2.1,12.2,233,2021-03-07,K리그,K리그1,2021 K리그1 서울 vs 수원FC,(주)GS스포츠,4489.0,35617760.0,1
233,2021-03-17,108,,108.0,8.8,1.8,17.5,234,2021-03-17,K리그,K리그1,2021 K리그1 서울 vs 광주,(주)GS스포츠,3014.0,33046400.0,1
234,2021-04-03,108,56.2,108.0,14.9,10.9,18.0,235,2021-04-03,K리그,K리그1,2021 K리그1 서울 vs 강원,(주)GS스포츠,3479.0,33253920.0,1
235,2021-04-10,108,,108.0,12.6,7.7,18.8,236,2021-04-10,K리그,K리그1,2021 K리그1 서울 vs 포항,(주)GS스포츠,4372.0,34128930.0,1
236,2021-04-14,108,,108.0,8.4,3.1,13.3,237,2021-04-14,기타축구,FA컵,2021 하나은행 FA컵 서울 vs 이랜드FC,(주)GS스포츠,2013.0,9178010.0,1
237,2021-04-17,108,0.0,108.0,9.6,6.0,14.6,238,2021-04-17,K리그,K리그1,2021 K리그1 서울 vs 대구,(주)GS스포츠,2960.0,31100450.0,1
238,2021-04-30,108,26.3,108.0,11.3,8.6,14.6,239,2021-04-30,K리그,K리그1,2021 K리그1 서울 vs 성남,(주)GS스포츠,2304.0,30446370.0,1
239,2021-05-29,108,0.3,108.0,15.4,12.8,19.1,240,2021-05-29,K리그,K리그1,2021 K리그1 서울 vs 수원삼성,(주)GS스포츠,5164.0,36528610.0,1
240,2021-06-26,108,4.5,108.0,22.8,19.9,26.7,241,2021-06-26,일반행사,콘서트,2021 제27회 드림콘서트,(사)한국연예제작자협회,0.0,32981620.0,7
241,2021-07-14,108,,108.0,29.7,26.1,33.5,242,2021-07-14,K리그,K리그1,2021 K리그1 서울 vs 인천,(주)GS스포츠,0.0,22196490.0,1
242,2021-07-16,108,,108.0,28.8,24.2,35.2,243,2021-07-16,국가대표,올림픽 축구대표팀 출정식 경기,올림픽 축구대표팀 친선경기 대한민국 vs 프랑스,(사)대한축구협회,0.0,57266500.0,2
243,2021-07-31,108,3.0,108.0,29.8,26.8,34.3,244,2021-07-31,K리그,K리그1,2021 K리그1 서울 vs 울산,(주)GS스포츠,0.0,23137230.0,1
244,2021-08-08,108,12.7,108.0,26.8,24.4,32.1,245,2021-08-08,K리그,K리그1,2021 K리그1 서울 vs 광주,(주)GS스포츠,0.0,20416820.0,1
245,2021-08-18,108,5.6,108.0,24.3,20.6,31.0,246,2021-08-18,K리그,K리그1,2021 K리그1 서울 vs 제주,(주)GS스포츠,0.0,19884230.0,1
246,2021-08-22,108,0.0,108.0,24.4,22.4,27.0,247,2021-08-22,K리그,K리그1,2021 K리그1 서울 vs 포항,(주)GS스포츠,0.0,20160990.0,1
247,2021-08-25,108,0.3,108.0,25.0,23.5,27.3,248,2021-08-25,K리그,K리그1,2021 K리그1 서울 vs 울산,(주)GS스포츠,0.0,19662810.0,1
248,2021-09-02,108,,108.0,23.5,20.7,26.7,249,2021-09-02,국가대표,월드컵 최종예선 경기,2022 카타르월드컵 최종예선 대한민국 vs 이라크,(사)대한축구협회,0.0,50050850.0,2
249,2021-09-05,108,,108.0,23.1,19.4,27.3,250,2021-09-05,K리그,K리그1,2021 K리그1 서울 vs 전북,(주)GS스포츠,0.0,21743590.0,1
250,2021-09-19,108,,108.0,23.7,20.8,27.8,251,2021-09-19,K리그,K리그1,2021 K리그1 서울 vs 수원FC,(주)GS스포츠,0.0,18924910.0,1
251,2021-09-22,108,4.5,108.0,20.2,16.8,24.3,252,2021-09-22,K리그,K리그1,2021 K리그1 서울 vs 인천,(주)GS스포츠,0.0,19550510.0,1
252,2021-10-03,108,,108.0,22.3,17.1,28.8,253,2021-10-03,K리그,K리그1,2021 K리그1 서울 vs 대구,(주)GS스포츠,0.0,19576390.0,1
253,2022-03-19,108,14.6,108.0,3.4,0.9,6.1,254,2022-03-19,K리그,K리그1,2022 K리그1 서울 vs 제주,(주)GS스포츠,6481.0,39888620.0,1
254,2022-03-24,108,,108.0,8.2,3.9,12.4,255,2022-03-24,국가대표,월드컵 최종예선 경기,2022 카타르월드컵 최종예선 대한민국vs이란,(사)대한축구협회,61226.0,357502190.0,2
255,2022-04-06,108,,108.0,11.7,8.0,17.0,256,2022-04-06,K리그,K리그1,2022 K리그1 서울 vs 강원,(주)GS스포츠,3967.0,34814000.0,1
256,2022-04-10,108,,108.0,18.2,12.7,25.1,257,2022-04-10,K리그,K리그1,2022 K리그1 서울 vs 수원,(주)GS스포츠,14998.0,54794510.0,1
257,2022-05-08,108,2.0,108.0,15.3,11.7,18.2,258,2022-05-08,K리그,K리그1,2022 K리그1 서울 vs 수원FC,(주)GS스포츠,13197.0,51860220.0,1
258,2022-05-15,108,,108.0,16.2,10.5,22.4,259,2022-05-15,K리그,K리그1,2022 K리그1 서울 vs 포항,(주)GS스포츠,8892.0,46286880.0,1
259,2022-05-21,108,,108.0,20.1,16.1,26.0,260,2022-05-21,K리그,K리그1,2022 K리그1 서울 vs 성남,(주)GS스포츠,9560.0,46486030.0,1
260,2022-05-25,108,3.5,108.0,21.0,16.7,26.7,261,2022-05-25,K리그,FA컵,2022 하나은행 FA컵 4R(16강전) FC서울 VS 제주 ,(주)GS스포츠,2354.0,11192560.0,1
261,2022-05-28,108,,108.0,22.3,15.0,29.3,262,2022-05-28,K리그,K리그1,2022 K리그1 서울 vs 김천,(주)GS스포츠,8609.0,45253870.0,1
262,2022-06-02,108,,108.0,21.5,17.1,26.9,263,2022-06-02,국가대표,국가대표팀 친선경기,하나은행 초청 국가대표 친선경기 대한민국 vs 브라질,(사)대한축구협회,61633.0,597568450.0,2
263,2022-06-14,108,0.0,108.0,21.5,17.7,27.1,264,2022-06-14,국가대표,국가대표팀 친선경기,하나은행 초청 국가대표 친선경기 대한민국 vs 이집트,(사)대한축구협회,53769.0,485448330.0,2
264,2022-06-22,108,,108.0,25.9,21.9,31.0,265,2022-06-22,K리그,K리그1,2022 K리그1 서울 vs 울산,(주)GS스포츠,8918.0,45434260.0,1
265,2022-06-25,108,,108.0,26.0,21.5,30.5,266,2022-06-25,K리그,K리그1,2022 K리그1 서울 vs 인천,(주)GS스포츠,11158.0,58515200.0,1
266,2022-07-06,108,16.1,108.0,29.5,26.2,33.3,267,2022-07-06,K리그,K리그1,2022 K리그1 서울 vs 전북,(주)GS스포츠,8798.0,48260310.0,1
267,2022-07-13,108,114.5,108.0,25.0,24.0,27.1,268,2022-07-13,일반행사,2022 쿠팡플레이시리즈 친선경기 (팀K리그 vs.토트넘) ,2022 쿠팡플레이시리즈 친선경기 (팀K리그 vs.토트넘) ,"㈜쿠팡주식회사, 한국프로축구연맹",63234.0,1220458130.0,8
268,2022-07-16,108,34.0,108.0,24.8,23.2,28.2,269,2022-07-16,K리그,K리그1,2022 K리그1 서울 vs 대구,(주)GS스포츠,9085.0,47482980.0,1
269,2022-08-05,108,0.0,108.0,29.4,27.0,32.7,270,2022-08-05,K리그,K리그1,2022 K리그1 서울 vs 제주,(주)GS스포츠,7993.0,47340120.0,1
270,2022-08-21,108,,108.0,28.1,24.7,32.0,271,2022-08-21,K리그,K리그1,2022 K리그1 서울 vs 성남,(주)GS스포츠,8250.0,46099870.0,1
271,2022-09-04,108,33.8,108.0,22.3,19.8,24.0,272,2022-09-04,K리그,K리그1,2022 K리그1 서울 vs 수원,(주)GS스포츠,16931.0,59411260.0,1
272,2022-09-10,108,,108.0,23.6,19.0,28.4,273,2022-09-10,K리그,K리그1,2022 K리그1 서울 vs 수원FC,(주)GS스포츠,10674.0,49216460.0,1
273,2022-09-13,108,0.0,108.0,24.3,21.8,26.4,274,2022-09-13,K리그,K리그1,2022 K리그1 서울 vs 강원,(주)GS스포츠,5588.0,39179100.0,1
274,2022-09-27,108,,108.0,20.9,14.0,28.0,275,2022-09-27,국가대표,국가대표팀 친선경기,하나은행 초청 국가대표 친선경기 대한민국 vs 카메룬,(사)대한축구협회,54910.0,484131730.0,2
275,2022-10-01,108,,108.0,20.9,14.4,27.6,276,2022-10-01,K리그,K리그1,2022 K리그1 파이널 서울 vs 대구,(주)GS스포츠,8111.0,44094870.0,1
276,2022-10-12,108,,108.0,13.5,6.5,20.6,277,2022-10-12,K리그,K리그1,2022 K리그1 파이널 서울 vs 김천,(주)GS스포츠,4572.0,38164400.0,1
277,2022-10-16,108,,108.0,16.9,15.1,20.5,278,2022-10-16,K리그,K리그1,2022 K리그1 파이널 서울 vs 성남,(주)GS스포츠,7746.0,51441270.0,1
278,2022-10-17,108,,108.0,11.2,7.4,15.1,279,2022-10-17,K리그,FA컵,2022 하나은행 FA컵 결승전(1차전) FC서울 VS 전북,(주)GS스포츠,14705.0,37386490.0,1
279,2022-11-26,108,,108.0,6.7,1.0,12.9,280,2022-11-26,기타축구,제12회 한일 국회의원 축구대회,제12회 한일 국회의원 축구대회,국회사무처(국제국 아태과),120.0,3435160.0,1
