,날짜,구분,경기(행사)내용,관람인원(명),사용일수(일),시설명,강수량(mm),평균기온(℃),좌석수,좌석점유율,주말 여부,지역,인근_역,합계_승차,미세먼지(PM10).mean,초미세먼지(PM2.5).mean,quantile
0,2015-04-12,공공행사,제25회송파구청장기배드민턴대회,1000,1,핸드볼보조경기장,0.0,14.9,5003,19.99,1,송파구,올림픽공원,6146,39.6,17.5,
1,2015-04-25,일반행사,토요일을 즐겨라,15246,6,상암월드컵주경기장,0.0,15.9,11000,22.86,1,마포구,디지털미디어시티,13492,65.8,28.7,
2,2015-05-09,일반행사,청춘페스티벌,17782,6,상암월드컵주경기장,0.0,17.6,11000,26.66,1,마포구,디지털미디어시티,12518,50.0,28.8,
3,2015-05-23,일반행사,2015 드림콘서트,928,5,상암월드컵주경기장,0.0,20.6,1473,65.63,1,마포구,디지털미디어시티,13131,33.6,19.8,
4,2015-06-18,공공행사,2015 세계 간호사 대회,4000,3,KSPO DOME(체조경기장),3.0,24.8,15000,8.89,0,송파구,올림픽공원,5679,19.9,10.5,
5,2015-06-21,공공행사,제27회 강동구청장기 생활체육 배드민턴대회,0,1,핸드볼경기장,0.0,22.4,6500,0.0,1,송파구,올림픽공원,3213,19.4,9.9,
6,2015-06-29,공공행사,민주평화통일자문회의 제17기 출범회의,10000,3,KSPO DOME(체조경기장),0.0,25.7,15000,22.22,0,송파구,올림픽공원,5577,25.5,12.1,
7,2015-08-15,일반행사,815 국민대합창,741,12,상암월드컵주경기장,0.1,27.1,596,83.71,1,마포구,디지털미디어시티,9703,78.9,59.3,
8,2015-09-19,일반행사,토토즐 앵콜공연,7577,5,상암월드컵주경기장,0.0,22.3,6394,11.36,1,마포구,디지털미디어시티,11818,31.4,18.9,
9,2015-10-03,일반행사,어반애슬런 2015,2330,2,상암월드컵주경기장,0.0,19.2,7604,3.49,1,마포구,디지털미디어시티,11696,29.2,18.5,
10,2015-10-03,일반행사,그라운드 예식,200,1,상암월드컵주경기장,0.0,19.2,281,0.3,1,마포구,디지털미디어시티,11696,29.2,18.5,
11,2015-10-09,일반행사,ONE-K 콘서트,928,7,상암월드컵주경기장,0.0,16.2,1473,64.24,0,마포구,디지털미디어시티,10779,22.2,11.7,
12,2015-10-16,일반행사,2015 기도대성회,1390,4,상암월드컵주경기장,0.0,17.5,4166,14.163333333333332,0,마포구,디지털미디어시티,7247,63.6,45.4,
13,2016-04-10,공공행사,제20대 국회의원 선거 개표,670,5,KSPO DOME(체조경기장),0.0,13.4,15000,0.89,1,송파구,올림픽공원,4082,125.8,60.2,
14,2016-04-14,일반행사,mbc무한도전 게릴라 콘서트,14156,4,상암월드컵주경기장,0.0,12.4,15000,21.22,0,마포구,디지털미디어시티,6573,58.5,35.2,
15,2016-05-01,공공행사,제26회 송파구청장기 생활체육 배드민턴대회,1000,1,핸드볼보조경기장,0.0,18.8,5003,19.99,1,송파구,올림픽공원,6744,39.7,14.1,
16,2016-05-01,일반행사,원불교 100주년 기념행사,928,8,상암월드컵주경기장,0.0,18.8,1473,73.9,1,마포구,디지털미디어시티,8354,33.7,17.2,
17,2016-05-04,순수예술공연,별이 빛나는 밤에,4777,12,올림픽홀,0.0,15.7,3000,13.27,0,송파구,올림픽공원,9788,53.5,12.9,
18,2016-06-04,일반행사,2016 드림콘서트,1490,7,상암월드컵주경기장,0.0,21.2,1473,65.53,1,마포구,디지털미디어시티,11706,51.6,29.3,
19,2016-06-05,공공행사,제28회 강동구청장기 생활체육 배드민턴대회,700,1,핸드볼보조경기장,0.0,24.7,5003,13.99,1,송파구,올림픽공원,6227,39.3,22.4,
20,2016-07-03,일반행사,프린지 축제(윷놀이),500,1,상암월드컵주경기장,0.0,23.5,2640,0.75,1,마포구,디지털미디어시티,7694,44.5,35.9,
21,2016-07-22,일반행사,프린지 축제(크리미널 런),500,2,상암월드컵주경기장,0.0,29.1,12166,0.75,0,마포구,디지털미디어시티,9103,40.1,28.1,
22,2016-08-20,일반행사,빅뱅 10주년 기념 콘서트,7570,6,상암월드컵주경기장,0.0,30.1,13375,12.606666666666667,1,마포구,디지털미디어시티,11406,32.9,22.0,
23,2016-09-10,일반행사,프린지 축제(크리미널 런),60,1,상암월드컵주경기장,0.0,24.4,281,0.09,1,마포구,디지털미디어시티,10629,46.9,34.1,
24,2016-09-23,일반행사,전국금융노조 축제 한마당,2665,3,상암월드컵주경기장,0.0,21.4,1517,79.95,0,마포구,디지털미디어시티,7703,54.6,39.1,
25,2016-09-25,일반행사,프린지 축제(즉흥으로놀자),500,2,상암월드컵주경기장,0.0,23.0,4412,0.75,1,마포구,디지털미디어시티,8209,37.5,25.2,
26,2016-10-03,일반행사,어반 애슬런 2016,1600,2,상암월드컵주경기장,6.5,22.7,16813,2.4,0,마포구,디지털미디어시티,8403,20.1,8.1,
27,2016-10-08,일반행사,청춘 아레나,9449,5,상암월드컵주경기장,6.0,16.8,6394,14.17,1,마포구,디지털미디어시티,12920,29.8,12.9,
28,2016-11-22,공공행사,굿모닝월드(기업) 시상식 행사,3000,3,핸드볼경기장,0.2,2.0,6500,15.38,0,송파구,올림픽공원,6501,33.3,13.2,
29,2017-04-13,일반행사,국가금식회개의날,15248,6,상암월드컵주경기장,0.0,12.7,15000,22.86,0,마포구,디지털미디어시티,9109,71.2,39.8,
30,2017-05-14,일반행사,워킹페스티벌 after 콘서트,6682,4,상암월드컵주경기장,0.0,15.7,12208,10.02,1,마포구,디지털미디어시티,7859,53.2,15.3,
31,2017-05-29,공공행사,4th CMS Brunch Seminar,2400,2,핸드볼경기장,0.0,22.9,6500,18.46,0,송파구,올림픽공원,7067,95.8,38.2,
32,2017-06-03,일반행사,2017 드림콘서트,928,9,상암월드컵주경기장,0.0,20.5,1473,71.22,1,마포구,디지털미디어시티,11463,32.5,16.2,
33,2017-06-10,일반행사,지드래곤 2017 콘서트,662,9,상암월드컵주경기장,4.5,21.5,1158,53.13,1,마포구,디지털미디어시티,11339,28.8,10.2,
34,2017-07-08,일반행사,SM타운 콘서트,7663,7,상암월드컵주경기장,4.5,26.0,2394,48.93,1,마포구,디지털미디어시티,9783,33.1,24.0,
35,2017-07-17,일반행사,프린지 페스티벌,6000,6,상암월드컵주경기장,7.5,26.8,15000,8.99,0,마포구,디지털미디어시티,5422,22.4,17.6,
36,2017-09-15,공공행사,송파경찰서 한마음 한울타리 어울림 체육대회,150,1,벨로드롬,0.0,22.6,6000,2.5,0,송파구,올림픽공원,9571,13.5,5.1,
37,2017-09-27,공공행사,2017스포츠산업JOBFAIR,7600,2,핸드볼경기장,0.5,22.7,6500,58.46,0,송파구,올림픽공원,6914,36.5,18.8,
38,2017-11-11,일반행사,한반도 평화통일 세계대회,928,7,상암월드컵주경기장,0.0,5.9,1473,83.94,1,마포구,디지털미디어시티,11229,30.4,14.4,
39,2017-12-03,순수예술공연,젊은 오광대전,235,1,K-아트홀,4.0,4.9,369,63.69,1,송파구,올림픽공원,3467,51.9,32.8,
40,2018-05-07,공공행사,제46회 어버이날기념행사,3100,2,핸드볼경기장,0.0,19.2,6500,23.85,0,송파구,올림픽공원,3877,48.2,23.6,
41,2018-05-12,일반행사,2018 드림콘서트,928,7,상암월드컵주경기장,32.0,14.2,1473,64.52,1,마포구,디지털미디어시티,10239,12.6,12.2,
42,2018-05-18,일반행사,2018 세계평화와 희망나눔을 위한 기도대성회,7354,7,상암월드컵주경기장,6.5,16.3,6394,15.973333333333331,0,마포구,디지털미디어시티,4328,15.9,8.7,
43,2018-05-31,순수예술공연,상주단체공연 <길위에서 별을 만지다>,521,3,K-아트홀,0.0,20.9,369,47.06,0,송파구,올림픽공원,6769,44.7,24.3,
44,2018-06-09,공공행사,제7회 전국동시지방선거 및 국회의원재선거 개표,1200,6,핸드볼경기장,0.5,23.7,6500,3.08,1,송파구,올림픽공원,9083,35.7,18.4,
45,2018-06-25,순수예술공연,상주단체공연 <만주전선>,1333,7,K-아트홀,0.0,27.1,369,51.61,0,송파구,올림픽공원,8021,70.8,44.1,
46,2018-07-06,순수예술공연,땀띠와 함께 가요,198,2,K-아트홀,0.0,23.9,369,26.83,0,송파구,올림픽공원,6002,7.0,3.1,
47,2018-07-26,순수예술공연,상주단체공연 <소리도>,547,3,K-아트홀,0.0,30.1,369,49.41,0,송파구,올림픽공원,5208,44.1,30.6,
48,2018-08-27,순수예술공연,상주단체공연 <골목길 햄릿>,1173,5,K-아트홀,19.5,22.7,369,22.71,0,송파구,올림픽공원,5493,10.2,3.5,
49,2018-10-09,순수예술공연,국악단 소리개의 <길> (가제),553,3,K-아트홀,0.0,15.3,369,49.95,0,송파구,올림픽공원,4823,30.6,11.8,
50,2018-10-25,공공행사,스포츠산업 잡페어 2018,6000,2,KSPO DOME(체조경기장),0.0,13.8,15000,20.0,0,송파구,올림픽공원,7280,60.8,22.2,
51,2018-11-17,순수예술공연,2018 지역아동센터 특기적성지원사업 아티스트웨이 <아름다운 하모니 콘서트>,364,1,K-아트홀,0.0,4.9,369,41.35333333333333,1,송파구,올림픽공원,12211,32.3,19.2,
52,2018-12-03,순수예술공연,연극 <그을린사랑>,1435,1,K-아트홀,9.5,11.5,369,27.78,0,송파구,올림픽공원,5406,43.9,35.6,
53,2019-05-04,공공행사,제29회 송파구청장기 배드민턴대회,1400,1,핸드볼경기장,0.0,19.5,6500,21.54,1,송파구,올림픽공원,6162,84.3,52.5,
54,2019-05-18,일반행사,2019 드림콘서트,928,7,상암월드컵주경기장,0.0,22.8,1473,63.81,1,마포구,디지털미디어시티,10498,26.4,11.5,
55,2019-06-23,공공행사,제31회 강동구청장기 배드민턴대회,1200,1,핸드볼경기장,0.0,25.0,6500,18.46,1,송파구,올림픽공원,10052,19.8,10.2,
56,2019-06-23,공공행사,강동구청장기 배드민턴대회,0,1,핸드볼보조경기장,0.0,25.0,5003,0.0,1,송파구,올림픽공원,10052,19.8,10.2,
57,2019-07-26,일반행사,K리그 올스타vs유벤투스FC,5216,2,상암월드컵주경기장,60.0,25.1,2079,38.026666666666664,0,마포구,디지털미디어시티,5682,14.3,14.0,
58,2019-08-14,순수예술공연,정미정 아쟁 콘서트 - 달의 노래,103,1,K-아트홀,0.0,30.4,369,27.91,0,송파구,올림픽공원,4869,12.0,7.4,
59,2019-12-16,순수예술공연,연극공연 / 못생긴 당신 [(사)전문예술극단 특별기획공연],660,3,K-아트홀,0.0,7.8,369,59.62,0,송파구,올림픽공원,5198,40.4,17.7,
60,2020-04-11,공공행사,제21대 국회의원선거 개표,850,6,KSPO DOME(체조경기장),0.0,9.9,15000,0.94,1,송파구,올림픽공원,2066,40.7,23.9,
61,2020-06-23,공공행사,대한민국 동행세일,1200,12,KSPO DOME(체조경기장),0.0,27.3,15000,0.67,0,송파구,올림픽공원,4095,55.3,34.1,
62,2020-07-03,순수예술공연,창극으로 보는 땀띠 콘서트 “땀띠와 꿈을!!”,30,2,K-아트홀,0.1,25.5,369,4.07,0,송파구,올림픽공원,4445,15.6,7.2,
63,2020-07-24,공공행사,대통령경호처 경호공무원 공개경쟁채용 필기시험,0,2,핸드볼보조경기장,2.9,22.5,5003,0.0,0,송파구,올림픽공원,4442,5.9,2.4,
64,2020-07-24,공공행사,대통령경호처 경호공무원 공개경쟁채용 필기시험,750,2,핸드볼경기장,2.9,22.5,6500,5.77,0,송파구,올림픽공원,4442,5.9,2.4,
65,2020-07-29,순수예술공연,탈북예술가들과 공명이 함께 하는 “통일 음악이야기”,30,3,K-아트홀,50.1,23.7,369,2.71,0,송파구,올림픽공원,4205,15.4,8.5,
66,2020-08-07,순수예술공연,2020 서울아트마켓,200,8,K-아트홀,0.0,24.3,369,6.78,0,송파구,올림픽공원,5303,25.8,17.3,
67,2021-06-26,일반행사,2021 제27회 드림콘서트,0,7,상암월드컵주경기장,4.5,22.8,9937,0.0,1,마포구,디지털미디어시티,7102,21.8,14.8,
68,2021-08-13,공공행사,국세청 채용면접,300,2,우리금융아트홀,0.0,26.6,1184,12.67,0,송파구,올림픽공원,7616,24.8,14.2,
69,2022-03-05,공공행사,제20대대통령선거,1030,6,핸드볼경기장,0.0,2.3,6500,2.64,1,송파구,올림픽공원,2525,43.4,6.8,
70,2022-07-13,일반행사,2022 쿠팡플레이시리즈 친선경기 (팀K리그 vs.토트넘) ,1050,8,상암월드컵주경기장,114.5,25.0,3062,3.98,0,마포구,디지털미디어시티,5729,8.6,6.8,
71,2022-07-22,공공행사,국가공무원 7급 채용시험,400,2,핸드볼경기장,5.2,25.1,6500,3.08,0,송파구,올림픽공원,4473,34.4,15.8,
72,2022-10-20,공공행사,2022 브레이킹K 시리즈 3차대회,1080,4,핸드볼보조경기장,0.0,12.9,5003,5.4,0,송파구,올림픽공원,5174,40.9,18.3,
73,,,,1000,1,,0.0,14.9,5003,19.99,1,,,6146,39.6,17.5,q3
74,,,,15246,6,,0.0,15.9,11000,22.86,1,,,13492,65.8,28.7,q4
75,,,,17782,6,,0.0,17.6,11000,26.66,1,,,12518,50.0,28.8,q4
76,,,,928,5,,0.0,20.6,1473,65.63,1,,,13131,33.6,19.8,q5
77,,,,4000,3,,3.0,24.8,15000,8.89,0,,,5679,19.9,10.5,q2
78,,,,0,1,,0.0,22.4,6500,0.0,1,,,3213,19.4,9.9,q1
79,,,,10000,3,,0.0,25.7,15000,22.22,0,,,5577,25.5,12.1,q3
80,,,,741,12,,0.1,27.1,596,83.71,1,,,9703,78.9,59.3,q5
81,,,,7577,5,,0.0,22.3,6394,11.36,1,,,11818,31.4,18.9,q2
82,,,,2330,2,,0.0,19.2,7604,3.49,1,,,11696,29.2,18.5,q2
83,,,,200,1,,0.0,19.2,281,0.3,1,,,11696,29.2,18.5,q1
84,,,,928,7,,0.0,16.2,1473,64.24,0,,,10779,22.2,11.7,q5
85,,,,1390,4,,0.0,17.5,4166,14.163333333333332,0,,,7247,63.6,45.4,q3
86,,,,670,5,,0.0,13.4,15000,0.89,1,,,4082,125.8,60.2,q1
87,,,,14156,4,,0.0,12.4,15000,21.22,0,,,6573,58.5,35.2,q3
88,,,,1000,1,,0.0,18.8,5003,19.99,1,,,6744,39.7,14.1,q3
89,,,,928,8,,0.0,18.8,1473,73.9,1,,,8354,33.7,17.2,q5
90,,,,4777,12,,0.0,15.7,3000,13.27,0,,,9788,53.5,12.9,q3
91,,,,1490,7,,0.0,21.2,1473,65.53,1,,,11706,51.6,29.3,q5
92,,,,700,1,,0.0,24.7,5003,13.99,1,,,6227,39.3,22.4,q3
93,,,,500,1,,0.0,23.5,2640,0.75,1,,,7694,44.5,35.9,q1
94,,,,500,2,,0.0,29.1,12166,0.75,0,,,9103,40.1,28.1,q1
95,,,,7570,6,,0.0,30.1,13375,12.606666666666667,1,,,11406,32.9,22.0,q2
96,,,,60,1,,0.0,24.4,281,0.09,1,,,10629,46.9,34.1,q1
97,,,,2665,3,,0.0,21.4,1517,79.95,0,,,7703,54.6,39.1,q5
98,,,,500,2,,0.0,23.0,4412,0.75,1,,,8209,37.5,25.2,q1
99,,,,1600,2,,6.5,22.7,16813,2.4,0,,,8403,20.1,8.1,q1
100,,,,9449,5,,6.0,16.8,6394,14.17,1,,,12920,29.8,12.9,q3
101,,,,3000,3,,0.2,2.0,6500,15.38,0,,,6501,33.3,13.2,q3
102,,,,15248,6,,0.0,12.7,15000,22.86,0,,,9109,71.2,39.8,q4
103,,,,6682,4,,0.0,15.7,12208,10.02,1,,,7859,53.2,15.3,q2
104,,,,2400,2,,0.0,22.9,6500,18.46,0,,,7067,95.8,38.2,q3
105,,,,928,9,,0.0,20.5,1473,71.22,1,,,11463,32.5,16.2,q5
106,,,,662,9,,4.5,21.5,1158,53.13,1,,,11339,28.8,10.2,q5
107,,,,7663,7,,4.5,26.0,2394,48.93,1,,,9783,33.1,24.0,q4
108,,,,6000,6,,7.5,26.8,15000,8.99,0,,,5422,22.4,17.6,q2
109,,,,150,1,,0.0,22.6,6000,2.5,0,,,9571,13.5,5.1,q1
110,,,,7600,2,,0.5,22.7,6500,58.46,0,,,6914,36.5,18.8,q5
111,,,,928,7,,0.0,5.9,1473,83.94,1,,,11229,30.4,14.4,q5
112,,,,235,1,,4.0,4.9,369,63.69,1,,,3467,51.9,32.8,q5
113,,,,3100,2,,0.0,19.2,6500,23.85,0,,,3877,48.2,23.6,q4
114,,,,928,7,,32.0,14.2,1473,64.52,1,,,10239,12.6,12.2,q5
115,,,,7354,7,,6.5,16.3,6394,15.973333333333331,0,,,4328,15.9,8.7,q3
116,,,,521,3,,0.0,20.9,369,47.06,0,,,6769,44.7,24.3,q4
117,,,,1200,6,,0.5,23.7,6500,3.08,1,,,9083,35.7,18.4,q2
118,,,,1333,7,,0.0,27.1,369,51.61,0,,,8021,70.8,44.1,q5
119,,,,198,2,,0.0,23.9,369,26.83,0,,,6002,7.0,3.1,q4
120,,,,547,3,,0.0,30.1,369,49.41,0,,,5208,44.1,30.6,q4
121,,,,1173,5,,19.5,22.7,369,22.71,0,,,5493,10.2,3.5,q4
122,,,,553,3,,0.0,15.3,369,49.95,0,,,4823,30.6,11.8,q4
123,,,,6000,2,,0.0,13.8,15000,20.0,0,,,7280,60.8,22.2,q3
124,,,,364,1,,0.0,4.9,369,41.35333333333333,1,,,12211,32.3,19.2,q4
125,,,,1435,1,,9.5,11.5,369,27.78,0,,,5406,43.9,35.6,q4
126,,,,1400,1,,0.0,19.5,6500,21.54,1,,,6162,84.3,52.5,q3
127,,,,928,7,,0.0,22.8,1473,63.81,1,,,10498,26.4,11.5,q5
128,,,,1200,1,,0.0,25.0,6500,18.46,1,,,10052,19.8,10.2,q3
129,,,,0,1,,0.0,25.0,5003,0.0,1,,,10052,19.8,10.2,q1
130,,,,5216,2,,60.0,25.1,2079,38.026666666666664,0,,,5682,14.3,14.0,q4
131,,,,103,1,,0.0,30.4,369,27.91,0,,,4869,12.0,7.4,q4
132,,,,660,3,,0.0,7.8,369,59.62,0,,,5198,40.4,17.7,q5
133,,,,850,6,,0.0,9.9,15000,0.94,1,,,2066,40.7,23.9,q1
134,,,,1200,12,,0.0,27.3,15000,0.67,0,,,4095,55.3,34.1,q1
135,,,,30,2,,0.1,25.5,369,4.07,0,,,4445,15.6,7.2,q2
136,,,,0,2,,2.9,22.5,5003,0.0,0,,,4442,5.9,2.4,q1
137,,,,750,2,,2.9,22.5,6500,5.77,0,,,4442,5.9,2.4,q2
138,,,,30,3,,50.1,23.7,369,2.71,0,,,4205,15.4,8.5,q2
139,,,,200,8,,0.0,24.3,369,6.78,0,,,5303,25.8,17.3,q2
140,,,,0,7,,4.5,22.8,9937,0.0,1,,,7102,21.8,14.8,q1
141,,,,300,2,,0.0,26.6,1184,12.67,0,,,7616,24.8,14.2,q3
142,,,,1030,6,,0.0,2.3,6500,2.64,1,,,2525,43.4,6.8,q1
143,,,,1050,8,,114.5,25.0,3062,3.98,0,,,5729,8.6,6.8,q2
144,,,,400,2,,5.2,25.1,6500,3.08,0,,,4473,34.4,15.8,q2
145,,,,1080,4,,0.0,12.9,5003,5.4,0,,,5174,40.9,18.3,q2
146,,,,1041,9,,0.0,19.412758860573064,15000,0.7923882245773145,0,,,3175,48.68197007841188,29.47644484930145,q1
147,,,,546,5,,0.8318450498648717,15.137631881939955,14064,0.725479534582281,1,,,4640,106.57513662534518,51.807607719141075,q1
148,,,,31,2,,2.8117954205172198,21.88560948084408,5048,0.08029658270156537,0,,,4383,7.040576458829051,2.533827637835942,q1
149,,,,0,1,,0.6521148122527678,22.422486717663887,6163,0.0,0,,,3489,16.364293115375045,8.213496175208359,q1
150,,,,30,6,,4.227745237038851,23.18115666814561,10071,0.04537579382685819,0,,,7223,22.90716936937534,15.604664077196286,q1
151,,,,555,1,,0.0,21.270339829066156,3045,0.9487763076917437,1,,,7150,44.38431008547041,32.83947589744458,q1
152,,,,713,3,,0.0,14.975479550795004,4192,1.5099690400470491,1,,,5615,44.057689976692195,24.198889383402577,q1
153,,,,1145,11,,0.0,27.44062637695839,14778,0.6762500611981507,0,,,4486,54.11248837235137,33.6312454101387,q1
154,,,,0,1,,0.39821625923363774,22.435397000820767,6804,0.0,1,,,3557,19.612382004924605,10.333613260054406,q1
155,,,,715,2,,1.2738886057244438,27.845709680517473,13076,1.0733717229915896,0,,,8965,36.1803427516171,24.180342751617097,q1
156,,,,883,5,,0.29397737791849743,10.478909298054887,15081,1.0060318418093854,0,,,2352,39.76831784844292,23.185408835213497,q1
157,,,,0,1,,0.9434579592134665,22.432533033076325,6012,0.0,0,,,3612,15.00804053469593,7.460022519275517,q1
158,,,,94,1,,0.0,23.70038087855893,2503,1.0267122681516516,0,,,10217,33.9181785243713,22.82835859900502,q1
159,,,,1301,2,,4.736231293469677,24.436633803352933,15552,1.9522740975730717,0,,,8592,25.52698063547792,13.526980635477917,q1
160,,,,0,1,,2.403338776540595,22.482873750915193,5259,0.0,0,,,4231,8.212043626448954,3.6844686813605305,q1
161,,,,178,1,,1.865415352588591,22.85675332669359,4159,0.26756499502019193,0,,,5602,19.670678410372545,14.35123644423524,q1
162,,,,862,10,,1.2642052935932133,26.035794706406787,13577,0.4817738785094549,0,,,4939,45.888693925472744,28.67796396303355,q1
163,,,,228,4,,2.442132374212118,25.681014676103036,10956,0.3429779376313137,0,,,8017,30.168661678204053,20.8821420939953,q1
164,,,,450,1,,0.0,22.943630310010096,4635,0.9966173937058347,0,,,8400,34.117818600605695,22.36742307800727,q1
165,,,,1520,3,,5.214280374901258,23.609893888531417,16454,2.0578007767044886,0,,,7550,27.062666277457804,13.24287850039497,q1
166,,,,582,2,,0.48457918391851035,28.622875880449467,12512,0.8730085620716218,0,,,9050,38.608987126404585,26.608987126404585,q1
167,,,,59,1,,0.0,24.40786783803969,342,0.08881982429404656,1,,,10621,46.544635981874016,33.78659778475236,q1
168,,,,659,4,,0.0,28.690040584733985,12811,0.7317795815437326,0,,,7962,43.56187950669081,29.466531384220055,q1
169,,,,219,1,,0.0,22.67948627261367,5684,2.1522475573151985,0,,,9300,18.26917635682014,9.094185198836865,q1
170,,,,1193,11,,0.024849527056210796,27.27515047294379,14972,0.6663001815271864,0,,,4111,55.115009076359314,33.993423139514476,q1
171,,,,123,6,,3.6695764280467538,21.06533742747544,10871,0.16423932867519764,1,,,6544,40.99201144069724,23.17805114815053,q1
172,,,,728,4,,0.8501137028419103,8.221481654278135,6061,1.8661033877577093,0,,,3086,32.407150394285644,5.510172312929516,q1
173,,,,750,4,,0.7858792126811367,7.774055205572058,6094,1.9245789236282065,0,,,3044,33.23776880153702,5.607631539380344,q1
174,,,,385,1,,0.0,23.45745930662811,4547,0.5784527600144593,1,,,8630,33.45148513634124,21.769055200289188,q1
175,,,,76,2,,2.685270509971138,21.004298034971374,5113,0.19547788057799856,0,,,4300,8.676674440028389,2.7257964676299977,q1
176,,,,785,5,,0.0,11.154630049904954,15000,0.9220767135727863,1,,,2788,71.2054334991176,36.9123059461571,q1
177,,,,809,5,,0.0,12.124685942882492,14671,0.9179848786902253,0,,,2881,40.63047856428493,24.386650050005542,q1
178,,,,431,1,,0.3970000649607788,23.363103425875593,2963,0.6473275694066951,0,,,7248,39.21579223879791,31.31396476683238,q1
179,,,,0,4,,2.804841570724011,22.649319250731022,8642,0.0,1,,,5637,20.89591550438614,12.954160821455034,q1
180,,,,790,5,,0.0,11.058143086984273,15000,0.9234550987573675,1,,,2733,68.85942191496045,35.91159830215116,q1
181,,,,219,1,,0.0,19.473300906229902,430,0.3286012576287106,1,,,11441,30.17244275937616,19.60591529497681,q1
182,,,,344,3,,1.39942044772048,27.14081137319133,11472,0.5167632587132533,0,,,8480,34.40902351260338,23.963935121181695,q1
183,,,,695,6,,1.4633249491203617,8.966258101548314,7617,1.7815160298493877,1,,,4013,36.37604024422227,9.401466576213977,q1
184,,,,1052,4,,1.7575598408025837,13.36104091727278,15490,1.3347749796264263,0,,,3779,35.129887273764126,19.627777617741412,q1
185,,,,219,1,,0.0,24.073801724219692,1136,0.3292120689055593,1,,,9565,46.03013793125251,34.752396551560615,q1
186,,,,443,1,,0.0,22.932327645545797,4647,0.6654095569322449,1,,,7645,35.458550640631515,23.474354961417795,q1
187,,,,633,9,,2.1249671632287717,25.17503283677123,12609,0.35361600014149397,0,,,5514,39.48080000707469,24.98625194437438,q1
188,,,,649,4,,0.0,15.277629661231337,14661,0.8732568055686378,0,,,4682,115.55077312308754,56.361024705380515,q1
189,,,,413,1,,0.0,21.91033019144738,3227,0.6209601542503478,1,,,9208,35.11993173395086,23.278740074394065,q1
190,,,,1420,2,,4.945102816009833,19.63804862229629,16379,2.0507461709806702,0,,,6887,25.027827998491915,11.87959623185302,q1
191,,,,0,1,,1.627703872951539,22.45612771975695,5659,0.0,0,,,3902,11.8227578328118,5.690421018228778,q1
192,,,,274,8,,3.4693523097955246,23.830647690204476,11096,0.15345198943044414,0,,,6413,29.472599471522205,19.220333426876973,q1
193,,,,521,3,,0.0,12.225291486924252,6500,1.3363796255980085,1,,,2864,31.54890568725462,8.330766348729611,q1
194,,,,71,4,,2.352297732218973,22.7045465658764,8057,1.1931679265450148,0,,,8280,17.83868248387055,10.170508445005343,q1
195,,,,114,1,,0.0,21.679737906479588,2299,0.17173769449243512,1,,,10993,25.181114427429634,14.951409547624039,q1
196,,,,12,1,,0.0,24.94916174651181,4987,0.01906434505807139,1,,,10005,20.249918543370484,10.581286901161427,q1
197,,,,452,1,,0.0,23.151047997790627,3966,0.6787916581844191,1,,,8470,38.51417941373706,26.160233700240408,q1
198,,,,1587,2,,6.295710293036227,22.844574254158978,16756,2.34562750876195,0,,,8267,21.206307336173047,8.91715882785509,q1
199,,,,127,1,,0.0,21.308819614670075,1997,0.1909231233791341,1,,,11098,25.782257865879536,15.482206413489376,q1
200,,,,157,1,,0.0,22.588613588645796,5843,0.235766985807245,1,,,4783,25.089843257481512,14.709646510467799,q1
201,,,,0,1,,1.474855004377638,22.45085706911647,5738,0.0,0,,,3838,12.534295669276512,6.08571981626473,q1
202,,,,72,1,,0.0,23.919345664415683,281,0.10941104047552047,1,,,10727,45.26392658849184,32.65803699324705,q1
203,,,,638,6,,1.1218150311699373,13.115869756020487,13737,0.7056653046000575,1,,,3321,35.98837686908627,21.63144071474524,q1
204,,,,144,6,,16.299049571239543,24.10480180154204,369,5.455905553793515,0,,,4945,22.416564560062053,14.437093089283273,q2
205,,,,1715,2,,1.1271641400994978,20.48263505597529,7174,4.376184220492019,0,,,8876,20.143819150235068,12.242295635999339,q2
206,,,,494,2,,4.5758972269200395,24.39449251738787,6500,3.80992889547178,0,,,4464,26.666552594443964,12.163922974229795,q2
207,,,,6116,5,,6.21553131863947,24.898986351586416,14521,9.166400365573512,0,,,5839,27.674884718120577,17.20609627104944,q2
208,,,,7001,4,,0.0,18.05457195617769,10133,10.49804945776941,1,,,9271,45.42277747807975,16.58431197609692,q2
209,,,,5002,3,,2.1571964709378575,26.28895290134312,14543,9.934139927671433,0,,,7287,23.55214862593595,13.730746861404878,q2
210,,,,7163,5,,0.0,23.514823597478777,12841,11.423773868436003,1,,,9783,42.18326951188756,18.936063757160266,q2
211,,,,319,8,,16.13582375961032,24.398646957482335,748,6.385412170070665,0,,,5363,23.376103330434084,15.820295637764993,q2
212,,,,6151,3,,0.593409057737881,17.50000747513824,12760,9.796482588252065,0,,,7427,46.613159459109525,14.35054550761939,q2
213,,,,5582,5,,7.328533519536527,26.673263905744392,14366,8.549405695852554,0,,,5351,23.29460772415725,17.465808841376415,q2
214,,,,1036,7,,112.99986554709918,25.00655653169974,3026,3.9811801757059535,0,,,5712,8.69179144379638,6.805245225359793,q2
215,,,,6071,3,,0.6832656921100275,17.772572599400416,12843,9.762636589305222,0,,,7362,45.61575081757869,14.206774892623956,q2
216,,,,558,2,,4.26603629678939,24.82179804585216,6500,3.08,0,,,5389,34.658330385994425,16.31666077198885,q2
217,,,,1048,7,,113.88373172900597,24.986194707190993,3080,3.9898845896512483,0,,,5721,8.585090283766274,6.775702684656149,q2
218,,,,6125,5,,6.115960713411257,24.75162185584866,14484,9.18007472869152,0,,,5871,28.083788003591106,17.17556128544612,q2
219,,,,881,3,,2.196457625234281,22.85177118738286,6500,4.9814462549500895,0,,,5802,14.635651153341009,7.0902824984381265,q2
220,,,,306,3,,31.101579976111054,25.364503584020493,1098,4.0456106451236895,0,,,4792,13.703050176286911,7.091602867216395,q2
221,,,,7366,5,,0.0,26.80629299227762,13108,12.01501929676098,1,,,10594,37.5432119622753,20.467511322795836,q2
222,,,,107,3,,46.390362948122075,22.900317761271822,712,2.909180113164703,0,,,4276,17.288138619219303,9.225637586994086,q2
223,,,,684,6,,91.41480708174885,24.533994552892445,2096,3.524748524748774,0,,,5182,11.037566954101054,7.4093917385252634,q2
224,,,,788,2,,2.5639797273771237,21.387657028558756,6326,5.727128447975701,0,,,4526,9.95541708337954,4.2423180464495625,q2
225,,,,791,2,,18.17765767228377,22.842241435311017,6029,5.524955132317312,0,,,4618,6.269620750135898,3.002344926147388,q2
226,,,,1345,2,,1.807564567799918,21.25688381853094,6915,4.911119729166832,0,,,7174,14.677153644917901,8.464900158076317,q2
227,,,,625,2,,3.4793302707662246,21.063044096797682,6004,3.8476834176581463,0,,,4704,36.55083716154222,16.627245062131625,q2
228,,,,443,2,,4.869496578512678,24.324588126510513,6404,3.227455372663575,0,,,4517,34.81312927685915,15.95889587571506,q2
229,,,,82,4,,34.519785682045324,23.886589393029396,369,3.9756980493827454,0,,,4546,18.63421614584289,11.236644431097828,q2
230,,,,621,2,,3.5090467254609155,21.132763471273687,6013,3.8344253071020535,0,,,4700,36.51369159317385,16.61295830506687,q2
231,,,,75,3,,0.0729606178338064,25.17552741400568,369,4.802767256703847,0,,,4676,18.358016980951746,9.930977598785553,q2
232,,,,327,4,,3.315298851047108,24.810045977084172,4277,4.421037355985712,0,,,4773,31.28299425365483,16.34366379296718,q2
233,,,,1109,5,,1.030100109891265,23.85790216039314,6500,3.08,0,,,8563,35.553376565349225,18.106753130698447,q2
234,,,,5685,4,,1.5833552245141522,27.302739103358334,14232,10.645065471851913,0,,,8383,26.03879402710534,15.930471639362416,q2
235,,,,179,7,,0.01195942459383017,24.44351309512596,369,6.455899593507203,0,,,5200,24.580138691429323,16.092098116023152,q2
236,,,,3028,5,,0.3566223936114975,23.298542702112194,6469,5.454333161793601,1,,,9867,34.46695258505888,18.5433776063885,q2
237,,,,6163,5,,5.705887864626731,24.14471403964756,14332,9.236391399924596,0,,,6004,29.76782050259956,17.049805611818865,q2
238,,,,619,3,,0.04387228024305038,18.42790731062435,2969,4.81649867276743,0,,,4854,29.800313098508255,13.43017689302141,q2
239,,,,4817,3,,2.3129015398636827,26.013873946240828,14627,9.741238647835548,0,,,6990,22.877426660590707,13.13387743052255,q2
240,,,,2395,2,,2.950620440363561,23.664270128361903,10802,7.349357739343101,0,,,5068,12.986861650898529,6.5002556694484355,q2
241,,,,893,4,,56.16301624096947,23.693167926545016,4859,4.915691764593769,0,,,5056,7.188621360668616,4.499975550719226,q2
242,,,,4190,2,,0.0,17.703606435745076,9572,6.281842849881329,1,,,10055,39.46098444060519,17.131868741252642,q2
243,,,,7554,4,,0.0,22.132233763488973,6541,11.325938370162913,1,,,11717,31.954136963021273,18.808491143721255,q2
244,,,,291,8,,12.35356839073336,24.375523998895314,659,6.477904004418748,0,,,5348,23.944267455715163,16.167140016570304,q2
245,,,,4084,3,,2.905712442939797,24.513994410250717,14912,8.92551497982601,0,,,5747,20.94659188336825,10.650860091296325,q2
246,,,,859,4,,43.476598102962114,23.40897397184055,5249,5.119174636162167,0,,,4909,6.881691889587793,3.9997941904393657,q2
247,,,,891,3,,2.145545645416816,22.87722717729159,6500,4.9243824109046805,0,,,5900,15.267808236074536,7.429695697221225,q2
248,,,,7573,5,,0.0,26.266851391084682,9944,11.994018128318663,1,,,11608,32.16285603674705,20.47656914261058,q2
249,,,,184,7,,4.630919656302737,24.244539884355657,369,6.403795548879199,0,,,5201,24.838691328831366,16.486584970549618,q2
250,,,,1162,6,,28.919314122971745,24.024079897893536,5642,3.3043630062339875,0,,,8246,28.944180590065493,15.50821014187305,q2
251,,,,30,2,,20.61914615178149,24.761310738535865,369,3.5118792246715436,0,,,4346,15.517923415392874,7.733497799946319,q2
252,,,,309,2,,16.175753879417115,24.757771593960268,5001,2.989553921260928,0,,,4407,29.755471632317928,14.015523311364255,q2
253,,,,3256,2,,2.977120183450838,24.27376421936927,13055,8.17614972366614,0,,,5395,16.696825683117286,8.646734859517858,q2
254,,,,4206,3,,2.769060270513621,24.099482820557984,14785,8.976987298106536,0,,,5846,22.463430997298804,10.869503567178207,q2
255,,,,6056,4,,0.0,21.40177049596732,6744,9.079656065568646,1,,,11782,30.76254680358971,18.78409941883449,q2
256,,,,341,7,,0.0,22.46207732530435,1116,6.557514623589475,0,,,5282,28.234441437535466,17.461221287254006,q2
257,,,,978,2,,2.9070302347657426,22.661695399612082,7097,5.989343324691172,0,,,4528,6.884232867203977,2.969449016025158,q2
258,,,,911,4,,0.0,15.087427672965648,4113,5.664793876201105,0,,,5198,38.002617731422696,18.10812037956442,q2
259,,,,811,5,,74.43103058658929,25.036659624348957,4322,3.650063380859381,0,,,5268,18.058183082031075,10.09936619140619,q2
260,,,,4458,3,,2.614381770563153,25.481258872005096,14791,9.367738139802317,0,,,6415,21.571012327559668,11.978203212841246,q2
261,,,,1111,5,,0.9711870154421254,23.464406492278936,6500,3.608122113141382,0,,,8171,29.849427891593614,15.25875323038583,q2
262,,,,1050,5,,1.3768792767643685,23.96119808244045,6500,3.08,0,,,8222,35.45745892344816,17.914917846896305,q2
263,,,,1006,3,,0.5586932078521158,14.210780218422272,5163,5.150736876496749,0,,,5098,40.201633490184854,18.031397496224944,q2
264,,,,4677,3,,0.0,17.31230215329522,10087,7.011904839709199,1,,,9626,42.14421380597562,16.77410482586992,q2
265,,,,853,7,,102.09914599256564,24.74967220171328,2543,3.7354489970583593,0,,,5435,9.909406944884374,7.127351736221094,q2
266,,,,914,2,,2.5986647697781304,22.157101289747526,6614,5.533088163825564,0,,,5195,8.321072711782609,4.072930071231758,q2
267,,,,616,2,,3.5463819301463078,21.22035760534326,6023,3.8177680619347245,0,,,4695,36.46702258731711,16.59500868742966,q2
268,,,,4645,4,,2.946383184268682,19.908287843665647,6451,17.332819561300287,0,,,5825,59.58215131952804,24.82795324062675,q3
269,,,,1391,3,,0.0,17.869708911051053,4597,15.526943033593303,0,,,7046,67.42648722937841,46.71246663423124,q3
270,,,,978,1,,0.0,19.037239903436443,4886,19.767359475236567,0,,,6770,39.24681095369193,14.103041537223543,q3
271,,,,2175,1,,0.0,22.13545159942779,6500,19.152590904047766,0,,,6863,93.21402746865282,41.415600625936065,q3
272,,,,718,1,,0.0,24.343043755228713,5003,14.353006350614866,1,,,6258,39.32420042337432,21.89784121498277,q3
273,,,,4306,10,,0.0,16.846381880338626,2809,13.206896410256588,0,,,9559,50.48154495727352,13.036724444444056,q3
274,,,,2976,7,,0.0,20.082890230959173,2269,13.02873998728665,0,,,8914,41.95972939187814,13.422730027545589,q3
275,,,,1368,1,,0.0,19.445311964516183,6383,21.41890506428583,1,,,6207,80.81559088203102,49.49997062488769,q3
276,,,,1034,1,,0.0,15.130080505334991,4928,19.47438368804415,0,,,6243,41.72382004924607,19.968940807248554,q3
277,,,,1000,1,,0.0,18.035666836565333,5003,19.99,1,,,6626,39.68040171375809,14.766341732225094,q3
278,,,,7084,6,,6.206022622081503,16.44472732451372,6398,16.225098574935327,0,,,4410,18.993546561480805,10.680955254281567,q3
279,,,,1000,1,,0.0,16.16878828997673,5003,19.99,1,,,6340,39.63253303307633,16.3938768754049,q3
280,,,,3308,7,,0.0,16.904899598037396,3778,15.881911386713318,0,,,8604,48.13625340228515,13.366412747627379,q3
281,,,,8880,5,,6.135674515886948,16.664325484113053,6394,14.659332753965591,0,,,10588,26.028248458342848,11.760334066549637,q3
282,,,,1000,1,,0.0,18.132076285692527,5003,19.99,1,,,6641,39.68287375091519,14.682292468883439,q3
283,,,,1150,1,,0.0,21.355117298806665,5965,18.8465123834634,1,,,6185,68.24610029878848,41.76172486652296,q3
284,,,,4988,2,,0.0,16.356504038155165,12612,19.567360855081432,0,,,7220,70.63270783905833,26.69495215499809,q3
285,,,,837,1,,0.0,22.001906890633666,5003,16.73382350105051,1,,,6463,39.4829215667367,18.604377490213462,q3
286,,,,797,1,,0.0,23.685345580181707,4885,14.014426865662292,0,,,6370,42.72445866688673,25.64125717441954,q3
287,,,,3593,2,,0.16043939615080793,4.334075627102331,8181,16.29384994891634,0,,,6655,38.739583029263905,14.980227173213642,q3
288,,,,1000,1,,0.0,18.509252489648894,5003,19.99,1,,,6699,39.69254493563203,14.35347218851122,q3
289,,,,1018,1,,0.0,15.004904507195862,5022,19.96993701299879,0,,,6158,40.336954163050926,17.77144041236929,q3
290,,,,7045,5,,5.0195910004282736,15.730611923241645,8354,16.890427728965456,0,,,5000,26.126209858580083,11.774695614495124,q3
291,,,,2682,2,,0.16025686369316552,5.477524426848017,6500,16.604088598250502,0,,,6433,43.434499758242794,21.009526284292974,q3
292,,,,5980,2,,0.0,13.850251265824783,14953,19.99149593962965,0,,,7278,60.99327409932608,22.288353873977638,q3
293,,,,1398,1,,0.0,19.130922856909667,6069,20.178720470568493,0,,,6362,80.48005156901506,51.189776142029324,q3
294,,,,1117,1,,0.0,16.248456218300962,5441,20.44437111703619,1,,,6150,52.703476730011516,27.7599929653334,q3
295,,,,1108,1,,0.0,16.146567027011457,5408,20.41003888953647,1,,,6150,51.71337958856787,26.984749118565443,q3
296,,,,1628,1,,0.0,20.277680821267783,6500,20.835512667792713,0,,,6369,86.93039101311162,49.22916595760903,q3
297,,,,1370,1,,0.0,19.159394602023184,6389,21.425230789812158,1,,,6160,80.99020406748616,49.90843718930684,q3
298,,,,5793,5,,4.241665910171083,11.173940081816902,6431,15.760643667730397,0,,,5106,22.137303676670342,10.313095778449226,q3
299,,,,7055,7,,5.746851113086657,16.230478564284923,6000,15.660100642417063,0,,,4960,20.256676638144878,9.186650050005545,q3
300,,,,795,1,,0.0,23.988137814553085,5207,15.023569134639269,1,,,6218,45.46034583559829,26.520586881144634,q3
301,,,,1243,2,,0.0,16.520575129751652,4481,16.358249581018093,0,,,6832,54.559155043861395,34.890017738488865,q3
302,,,,5913,5,,4.41534244342831,11.568158244607117,6429,15.777000505254094,0,,,5047,21.657625632436094,10.189041111836922,q3
303,,,,9745,2,,0.0,24.943655631596318,15000,22.078900462365027,0,,,5685,27.743609765096636,12.741939337888839,q3
304,,,,906,1,,0.0,20.634795698122407,5003,18.124106069706027,1,,,6583,39.57560707131373,16.681153270239996,q3
305,,,,430,1,,0.0,25.98215168814918,2425,13.099241985075306,0,,,7164,29.51515816938783,16.866503240619323,q3
306,,,,4743,3,,1.768284165639228,6.0018285605966515,6471,15.052823475789058,0,,,8236,32.35362162418322,13.118881853501419,q3
307,,,,9819,5,,4.144123563808885,14.886474138285331,9513,17.87494846695631,0,,,5141,31.34005172026792,18.304727009086854,q3
308,,,,1354,1,,0.0,18.981178615851103,6331,21.365179750993306,1,,,6160,79.25840959316179,48.55244599017143,q3
309,,,,4300,2,,0.0,18.09715581897374,10986,19.2727890152506,0,,,7179,77.32752238066823,29.75543880259119,q3
310,,,,1510,3,,0.0,18.145808928066828,4445,14.677189943381569,0,,,7225,67.45093471921332,44.538921429244226,q3
311,,,,5007,3,,0.14264895744459902,8.796098542815017,8937,17.341405655394716,0,,,6236,31.06330934033936,12.884569265945293,q3
312,,,,2824,2,,1.5548971839901666,18.734512155574073,6474,20.208370103967393,0,,,5723,67.93769732539577,42.0223851294201,q3
313,,,,1000,1,,0.0,17.088981070521037,5003,19.99,1,,,6481,39.65612771975695,15.591657528263713,q3
314,,,,3224,2,,0.0,20.815801337586503,8446,18.812710542869976,0,,,7115,87.78385129840963,34.53547487927298,q3
315,,,,838,2,,0.0,22.106460073084044,2656,13.407401423904156,0,,,7433,43.95926913893836,29.60642260656899,q3
316,,,,1954,1,,0.09545343412360119,8.743253499027723,5717,17.789798343450993,0,,,6315,36.59321682510656,15.447751166342574,q3
317,,,,8868,4,,2.7790166193305725,21.681114427429634,11320,19.549293771986925,0,,,5043,21.395606223757923,10.64636053758093,q3
318,,,,2374,1,,0.0,22.813574969070075,6500,18.538290910371813,0,,,7043,95.5076800424429,38.563493512440566,q3
319,,,,883,1,,0.0,24.50579543141205,5164,14.472274678660071,0,,,6317,45.3958656251217,24.10468454649421,q3
320,,,,9302,5,,5.811424885879594,16.765427895744594,6287,14.14171373288194,0,,,12821,30.5448717007756,12.9,q3
321,,,,1318,1,,0.0,24.045538740274804,5547,15.615245461650902,0,,,6532,59.8428117635964,28.14471550203227,q3
322,,,,1125,1,,0.0,16.346037512951103,5473,20.477251770668303,1,,,6151,53.6517123541118,28.502459337671432,q3
323,,,,1000,1,,0.0,16.883425695542343,5003,19.99,1,,,6450,39.65085706911647,15.770859650040011,q3
324,,,,13771,3,,0.0,13.629365896782963,15000,21.312433526073907,0,,,6480,55.44969363956107,33.06478554769275,q3
325,,,,5769,5,,4.879600510532313,15.950990879191576,6047,16.974657120414644,0,,,4781,21.808225830828338,10.893771616510099,q3
326,,,,309,1,,0.0,11.081276284502023,369,36.628452496214855,0,,,10191,24.06914263168941,13.962181674711445,q4
327,,,,11348,4,,23.320637381368922,17.519598392149575,9977,28.75493889362381,0,,,7777,49.08426221666848,29.772125926011363,q4
328,,,,4190,1,,46.29687389541826,21.409653167875017,1614,35.24624358775681,0,,,5607,22.331931340507317,19.86113908631615,q4
329,,,,4853,2,,49.72425054911576,24.089551303996384,2836,35.59873542141052,0,,,5372,20.105798439749595,15.644119912141479,q4
330,,,,2191,2,,0.0,17.808662025895003,4312,33.161261826702685,0,,,4214,41.921141450192835,19.390310745015647,q4
331,,,,13115,6,,1.2642052935932133,18.737438547842547,8582,30.183962667550016,1,,,12450,56.61344153322265,27.37960780446931,q4
332,,,,2196,1,,5.15561279000336,15.021240159681486,3172,25.98279560681192,0,,,4706,45.86640684241953,30.11235299789898,q4
333,,,,478,1,,2.7480223870078717,7.408451204550775,369,38.72603603238717,0,,,11264,29.185574628057743,16.987489667896227,q4
334,,,,15247,6,,0.0,13.332969661587072,14208,22.86,0,,,9975,70.13186369607182,37.60438648636984,q4
335,,,,489,2,,0.0,21.60823111495782,369,45.63235517353239,0,,,6627,42.2621939516715,23.040094121811872,q4
336,,,,1164,4,,19.244295263710086,22.79703666915617,369,23.06011879276619,0,,,5489,10.64453284924246,3.8553640181259823,q4
337,,,,15247,6,,0.0,13.428816738250696,14088,22.86,0,,,10107,69.97012175420195,37.27191693919289,q4
338,,,,4288,2,,48.07705910794965,26.093578407670865,1739,40.28871350813066,0,,,5587,20.22172730971834,17.298680313467262,q4
339,,,,1427,1,,9.447539887325778,11.604368013636085,369,27.78071787522607,0,,,5403,43.72384446375708,35.44427629711441,q4
340,,,,4825,2,,48.92768570729005,24.011222427883524,2894,35.41052485072803,0,,,5348,20.555857575381122,15.771570286833592,q4
341,,,,887,4,,13.783718205028533,23.051771187382858,369,23.917747743347817,0,,,5642,9.261943500312373,3.3827429375390468,q4
342,,,,792,2,,2.5744319036106207,14.270227238555751,369,43.94208891546869,0,,,4980,34.20420466505487,18.249629400624503,q4
343,,,,1815,1,,7.327068293516485,13.261218330518219,1771,26.881092462475767,0,,,5056,44.88353750925043,32.85524416023135,q4
344,,,,618,2,,0.7034241914738584,15.018630323410457,369,48.30843007105522,0,,,4866,31.584793868063404,13.562262711271352,q4
345,,,,991,1,,6.09457557882941,15.94497503394898,369,27.439457557882942,0,,,5619,30.672614616716338,23.949863822311144,q4
346,,,,1100,4,,17.24055333925997,23.55743104048596,369,25.803703889320964,0,,,5459,14.127961117901897,6.640051513131016,q4
347,,,,285,1,,1.3005174541818612,27.812654749048715,369,27.892203445363826,0,,,4942,16.367000714568565,11.260483390308263,q4
348,,,,8995,3,,37.39788760965347,20.42889677266172,6946,32.313354923551294,0,,,6972,35.734336583511954,23.718908327849004,q4
349,,,,3878,2,,46.59862999346771,24.305844740353642,1513,32.95841191934026,0,,,5619,12.943318098104138,10.525570739047183,q4
350,,,,4959,2,,57.42588681341604,24.947459959313544,1970,37.0531646014524,0,,,5669,14.039410763827304,13.332637321996751,q4
351,,,,413,2,,0.0,19.9958330579065,369,43.09594962938681,0,,,4837,24.815728816088683,10.431677784451086,q4
352,,,,3901,2,,46.83007545791675,24.319560027135807,1522,33.04594211762365,0,,,5620,12.966748379690337,10.585575118719156,q4
353,,,,478,2,,0.0,16.573698853409024,369,45.51695259104922,0,,,8240,41.347116611391996,22.92099150952413,q4
354,,,,480,2,,0.0,20.966448278151375,369,46.48992136088516,0,,,7746,39.823178161991514,26.468155173449432,q4
355,,,,1073,2,,6.767235445420411,29.536063712881635,561,48.12610505299385,0,,,5261,40.73893972877453,28.727731526767023,q4
356,,,,11665,6,,2.1249671632287717,20.669370744135687,6936,35.17064309897202,1,,,11740,50.358571947204254,26.480589851738838,q4
357,,,,382,1,,0.0,6.813507935012828,369,42.03581783015457,0,,,11560,33.78296864963494,19.80993065428534,q4
358,,,,15974,6,,0.0,14.105100542607325,13852,23.94966980855262,0,,,10086,65.1207894891275,36.64569265945294,q4
359,,,,4709,2,,45.64710291701385,23.688631786839697,3136,34.63539603922555,0,,,5250,22.409386851887174,16.296463533277784,q4
360,,,,351,2,,0.0,26.620081375069123,369,36.736360878880774,0,,,5653,23.27661597017169,15.164877066838855,q4
361,,,,2035,2,,1.0306476902044754,9.732592502958763,832,43.08863866654428,1,,,11654,32.483226256036346,20.299357536218107,q4
362,,,,10293,4,,29.627735781863443,20.442919486552395,6594,30.34923321152659,0,,,9635,40.36952678723387,21.441204733443456,q4
363,,,,738,1,,4.534038120871056,21.379650475319686,369,27.84795526781966,0,,,5125,27.224822742714387,20.858934211427766,q4
364,,,,10054,4,,0.0,15.479016619330572,11365,23.283265608174965,0,,,6872,61.36655657775336,32.8738355025915,q4
365,,,,17462,5,,1.5251476046457113,17.790643450580717,10773,26.948930740657882,0,,,12344,49.092537175235805,28.423796924187393,q4
366,,,,451,1,,2.103882826369437,6.820467400480819,369,39.34187749608816,0,,,11486,29.91559946344797,17.50610459620512,q4
367,,,,15246,6,,0.0,15.79942660580245,11125,22.86,0,,,13354,65.96971760270836,29.04886396112275,q4
368,,,,587,1,,3.454101092994086,23.52815677288545,369,27.862733353464293,0,,,5064,23.598507880685403,17.653226402361394,q4
369,,,,866,4,,13.37005836901163,23.07722717729159,369,24.005146642034465,0,,,5653,9.194060860555755,3.3742576075694695,q4
370,,,,12635,6,,2.2885681102411626,21.871993805783504,6623,37.98586929223793,1,,,11127,41.40515531931652,26.35886068240943,q4
371,,,,144,1,,0.0,29.004253756284,369,29.94723491466891,0,,,4864,13.71926358497467,7.806707514725192,q4
372,,,,286,2,,0.0,21.756086829319674,369,32.593636337921986,0,,,5708,12.883296607913449,5.268842393595213,q4
373,,,,549,3,,0.0,24.026332739072682,369,49.63160677843924,0,,,5050,38.559830539019,22.884801046930164,q4
374,,,,284,2,,0.0,21.797739791470217,369,32.481657676884716,0,,,5713,12.76899313038405,5.226705094675476,q4
375,,,,12951,5,,13.727889929497348,18.004943122522928,8958,26.330105509956272,0,,,11705,54.01689447718144,25.33666696727315,q4
376,,,,15246,6,,0.0,15.653664288547862,11307,22.86,0,,,13154,66.21569151307548,29.554476999099602,q4
377,,,,17047,6,,0.0,17.107422530046595,11000,25.558944478927682,1,,,12800,54.57807295603753,28.771024854708624,q4
378,,,,536,1,,1.531602228913042,5.96406049587643,369,39.16502306100565,0,,,11113,34.17016693214645,21.84402911096567,q4
379,,,,5921,2,,55.78185914055438,24.453218401551673,2706,36.96041439386236,0,,,6231,17.920570904357483,15.033444510564175,q4
380,,,,1229,1,,7.677143605861961,10.23359450512515,369,30.384446048045646,0,,,6711,41.67419640294723,32.45317422485644,q4
381,,,,6765,5,,24.846091513671496,25.670063380859382,2278,44.93287895848532,0,,,8279,26.20799062239596,20.334037565104236,q4
382,,,,1302,1,,0.5784273441552701,7.612181547039157,629,42.32723359501106,1,,,11898,32.40283152784983,19.816989167098953,q4
383,,,,389,2,,3.828394500467269,23.664406492278935,369,26.02112895682435,0,,,5902,7.6282493539228335,3.178531169240354,q4
384,,,,180,1,,0.0,25.11270538275923,369,27.031495663596917,0,,,5790,7.932850294430179,3.9022512532099545,q4
385,,,,1607,4,,23.8513605611559,22.95785840362405,552,24.35563800646184,0,,,5513,10.64050810619109,4.628130515855233,q4
386,,,,8696,3,,0.0,16.20572457245173,10415,23.393948819496494,0,,,6287,58.795128435940036,31.062655680966458,q4
387,,,,1053,4,,15.74508302569922,21.275057148214064,369,27.95533017333094,0,,,5363,14.128220834653124,5.098246712138281,q4
388,,,,6258,2,,53.7654779954096,23.811532119051318,3421,36.45071804883965,0,,,6038,20.21240503435323,16.680844461973873,q4
389,,,,3930,2,,47.12085926363952,24.336791660067526,1535,33.15591344168095,0,,,5621,12.996185752615359,10.66096351279543,q4
390,,,,835,4,,1.8131588826268814,17.036968201420812,369,57.08573982553318,0,,,5956,62.23282427958799,38.977826156579056,q5
391,,,,878,7,,0.8318450498648717,17.179728614285292,1414,62.18626699911139,0,,,10882,23.42003940646848,11.422718316711709,q5
392,,,,1312,6,,0.0,26.512983315855983,369,51.85362713160588,0,,,7935,69.87537268404257,43.29703417298435,q5
393,,,,1019,7,,0.0,20.666397566102752,1224,68.88771063271925,0,,,8279,42.04257225330265,23.24892705158602,q5
394,,,,962,8,,0.0,20.542350740905068,1473,70.87574897750024,1,,,11477,33.65557021612399,16.992563865509123,q5
395,,,,732,11,,0.08948273504276488,25.070167863253623,572,81.17639087180206,0,,,9229,74.85085299146448,54.92481777779018,q5
396,,,,708,8,,0.05978999788110852,19.339469591053945,504,74.02341048955904,0,,,7891,63.41914918422678,42.57263911854113,q5
397,,,,971,7,,0.0,16.590628824884416,1473,64.34078223682017,0,,,10851,24.496897490320364,13.075013463593145,q5
398,,,,904,5,,0.39821625923363774,20.67964325184673,1445,64.523843724351,1,,,12972,33.17523599015079,18.95047198030157,q5
399,,,,1379,7,,0.0,18.201462204987077,1473,69.13804449713646,1,,,11612,47.44516331671412,26.379855349954738,q5
400,,,,344,1,,3.8190908443578477,5.646250267023879,420,64.42539571768535,0,,,3658,52.02211368005845,33.084931920136384,q5
401,,,,928,6,,0.0,20.567466966923675,1473,67.44859654896665,1,,,12588,33.24213663616041,18.628810809252247,q5
402,,,,1989,4,,0.0,21.944148205565273,1499,73.67674854441177,0,,,8789,43.639300430756606,28.3725068045703,q5
403,,,,734,8,,3.2789293570174687,20.06185013159835,1243,56.144687743007985,0,,,11187,27.00909639029229,10.607023547660843,q5
404,,,,928,8,,0.0,20.517126249084807,1473,70.26264267615929,1,,,11748,32.688388739932876,16.816544967053055,q5
405,,,,1188,7,,11.416106454194857,22.497882085652698,762,56.215685447614234,0,,,8812,50.036956386433104,32.719568878474504,q5
406,,,,853,7,,24.27430098359703,16.25082192071788,1384,61.32015593466073,1,,,10548,17.15113905693557,11.638130980625238,q5
407,,,,1185,8,,0.0,20.820112741789227,1473,68.61794071317044,1,,,11574,41.23450481167745,22.190681310626946,q5
408,,,,1007,8,,0.0,20.598646957482334,1473,70.4181411598936,1,,,11497,35.191652697017965,18.04610734716939,q5
409,,,,928,7,,6.329696615870731,7.541765059741471,1473,80.09866536624345,1,,,11033,26.879106257421903,13.964833357658888,q5
410,,,,1448,7,,0.0,20.059375151699506,1473,66.90247735014458,1,,,11670,50.01952635398886,28.189195409171415,q5
411,,,,928,7,,0.0,22.578389228548744,1473,64.07396596623158,1,,,10507,26.45245225359793,11.5380278838585,q5
412,,,,783,10,,7.365391859436631,24.16195752392688,795,79.33937712280284,1,,,9825,63.799828204368396,48.57272863387256,q5
413,,,,6274,3,,0.4006421592329138,21.925008842016727,5501,61.52817012288762,0,,,7200,35.943596091704315,18.482054909545326,q5
414,,,,926,7,,31.848141779100935,14.240311455002297,1471,64.45710308596216,1,,,10245,12.689458297402359,12.188955765752794,q5
415,,,,711,8,,3.6695764280467538,20.521945570810622,1216,55.180223529866794,0,,,11235,27.582045427801905,10.476807857317748,q5
416,,,,2274,4,,0.0,23.070913140068583,1180,71.64233712464147,0,,,7796,59.3489110296686,40.56571328076191,q5
417,,,,2304,4,,0.0,22.944659142166373,1205,72.27006314228159,0,,,7789,58.990083877736005,40.45496415979507,q5
418,,,,722,8,,3.470716560086756,17.931817408300752,1230,60.17716061860601,1,,,11313,29.16596744530249,11.160664543919028,q5
419,,,,1431,6,,0.0,26.677945485115686,454,53.70842543014412,0,,,7997,69.60047664190773,43.72977674132955,q5
420,,,,387,1,,2.5661370858229096,5.93955061277839,369,62.23104448482481,0,,,4087,47.77764412174086,27.387167498981484,q5
421,,,,293,2,,3.548110667851994,7.472293121457881,395,66.0096985716931,1,,,4189,55.0284646071785,35.870530077415935,q5
422,,,,983,7,,27.619309628018993,15.965965806204844,1321,62.75266522805391,0,,,9935,20.56738061404046,16.567000714568564,q5
423,,,,762,7,,2.804841570724011,21.160968314144803,1276,57.83877341465553,1,,,12014,30.60816899122772,13.816337982455444,q5
424,,,,375,1,,2.6764079005894033,5.859604272072683,369,62.343245038849716,0,,,4039,48.09467271419453,27.803439824724997,q5
425,,,,752,11,,0.09364416497139764,26.8266990937701,651,82.44518882930812,1,,,9753,75.56318660998376,56.261910856328065,q5
426,,,,1315,7,,0.0,20.982312374799037,1473,67.29948941056212,1,,,11630,45.66023765523085,25.226131585524826,q5
427,,,,747,4,,0.0,11.377016542294218,728,64.26361783854195,0,,,6224,38.2212717424208,17.537408338986626,q5
428,,,,856,7,,1.2167721974787118,22.448488031839485,1387,60.92219398465053,1,,,10725,27.048945171988645,11.148488031839483,q5
429,,,,2035,4,,0.0,20.457649425523552,1501,77.75722270169905,0,,,7938,47.024951151323954,31.16250862267917,q5
430,,,,928,6,,0.0,7.557972684128,1473,81.87486531657254,1,,,11443,30.760919223755753,15.009051190087838,q5
431,,,,802,7,,19.014089558046393,17.64716895368223,1324,59.14147200240539,1,,,10758,20.24988178762358,11.255570149676101,q5
432,,,,928,7,,0.0,16.714255257534695,1473,65.07476783664934,0,,,10860,23.431820733164507,12.238174106722356,q5
433,,,,874,9,,0.028675521277700497,21.18006826604914,1221,76.71306863734242,1,,,8740,46.66133561752063,29.27239445791191,q5
434,,,,2083,2,,0.9568598055324102,17.452953302178805,1242,76.06036489051075,0,,,6689,53.95411963126563,37.59294580628645,q5
435,,,,928,7,,0.0,20.54387228024305,1473,68.76753953441349,1,,,12194,32.982595082673555,17.779402088749812,q5
436,,,,722,8,,10.798402551249573,19.828060413668297,1230,55.73868382031755,1,,,11087,25.08966831526389,10.658065640090877,q5
437,,,,450,2,,1.975182385457563,6.367992770543267,369,61.62974807720307,0,,,4343,46.07864935819049,25.156313505102297,q5
438,,,,4112,4,,16.966084125532813,18.25677095025305,3872,61.627760946054885,0,,,8652,24.006685377770342,15.34996332607884,q5
439,,,,820,9,,0.05724589816414504,22.43980289989181,970,75.38577637255904,0,,,10163,54.658424259070244,38.949047526133036,q5
440,,,,921,7,,0.11438607034842835,6.296538377207885,1464,83.15683670501443,1,,,11231,30.359329397209446,14.2932396676748,q5
441,,,,928,8,,0.0,20.7481502820846,1473,70.42052452597962,1,,,11358,31.841862295340842,15.692910293131469,q5
442,,,,670,8,,4.358568664409696,21.009704703286946,1167,54.09833321100828,1,,,11335,28.850286697098774,10.332002579884284,q5
443,,,,1285,7,,0.0,15.637079292335839,1473,72.22368432863381,1,,,11532,43.891900718792144,23.88251512783033,q5
444,,,,928,5,,0.0,15.978967078177998,1473,71.38585801350754,1,,,12533,32.59406086055576,18.102477702187837,q5
445,,,,928,7,,0.0,20.54914293088353,1473,68.47291016361069,1,,,12282,33.04057223971883,17.96914551180707,q5
446,,,,910,7,,29.05137051824237,15.3923924863534,1391,66.29379936535827,1,,,10189,18.728342778700025,16.55361907808102,q5
447,,,,407,2,,3.0028310834045002,8.365161985169362,644,66.23527365961002,1,,,4685,47.36288142949048,28.91104122527755,q5
